신고일시,접수일시,수계,지원여부,주소,상세주소,등록일시,수정일자,삭제여부,첨부파일,등록기관
2010-03-18 0:00,2010-03-18 0:00,낙동강,Y,경상북도 경주시 강동면 국당리 ,,,,N,,1.0
2010-03-30 0:00,2010-03-30 0:00,영산강,Y,광주광역시 북구 용전동,,,,N,,1.0
2010-04-22 0:00,2010-04-22 0:00,한강,N,경기도 여주시 대신면 천남리,,,,N,,1.0
2010-05-30 0:00,2010-05-30 0:00,금강,N,충청남도 부여군 부여읍 자왕리,,,,N,,1.0
2010-06-06 0:00,2010-06-06 0:00,영산강,Y,광주광역시 서구 광천동,,,,N,,1.0
2010-06-12 0:00,2010-06-12 0:00,낙동강,N,경상남도 김해시 대동면 조눌리,,,,N,,1.0
2010-07-03 0:00,2010-07-03 0:00,한강,Y,경기도 여주시 강천면 이호리,,,,N,,1.0
2010-07-08 0:00,2010-07-08 0:00,영산강,Y,전라남도 나주시 세지면 성산리,,,,N,,1.0
2010-08-14 0:00,2010-08-14 0:00,낙동강,Y,경상남도 김해시 상동면 대감리,,,,N,,1.0
2010-08-31 0:00,2010-08-31 0:00,한강,N,강원도 원주시 부론면 법천리,,,,N,,1.0
2010-10-15 0:00,2010-10-15 0:00,낙동강,N,부산광역시 사상구 삼락동,,,,N,,1.0
2010-11-30 0:00,2010-11-30 0:00,영산강,Y,전라남도 나주시 이창동,,,,N,,1.0
2010-12-01 0:00,2010-12-01 0:00,금강,Y,세종특별자치시 종촌동,,,,N,,1.0
2010-12-07 0:00,2010-12-07 0:00,낙동강,N,경상남도 양산시 유산동,,,,N,,1.0
2010-12-16 0:00,2010-12-16 0:00,낙동강,N,대구광역시 달성군 다사읍 죽곡리,,,,N,,1.0
2010-12-19 0:00,2010-12-19 0:00,낙동강,Y,경상남도 양산시 원동면 용당리,,,,N,,1.0
2011-01-22 0:00,2011-01-22 0:00,낙동강,Y,경상남도 김해시 한림면 시산리,,,,N,,1.0
2011-01-26 0:00,2011-01-26 0:00,영산강,N,광주광역시 남구 승촌동,,,,N,,1.0
2011-02-07 0:00,2011-02-07 0:00,영산강,Y,전라남도 나주시 남평읍 남평리,,,,N,,1.0
2011-02-09 0:00,2011-02-09 0:00,영산강,Y,전라남도 나주시 다시면 죽산리,,,,N,,1.0
2011-02-21 0:00,2011-02-21 0:00,금강,Y,충청남도 부여군 석성면 봉정리,,,,N,,1.0
2011-02-23 0:00,2011-02-23 0:00,금강,Y,충청남도 부여군 세도면 가회리,,,,N,,1.0
2011-04-01 0:00,2011-04-01 0:00,영산강,N,광주광역시 광산구 장덕동,,,,N,,1.0
2011-04-07 0:00,2011-04-07 0:00,영산강,N,광주광역시 광산구 장덕동,,,,N,,1.0
2011-05-12 0:00,2011-05-12 0:00,낙동강,N,경상남도 창녕군 이방면 등림리,,,,N,,1.0
2011-05-26 0:00,2011-05-26 0:00,영산강,Y,전라북도 군산시 옥서면 옥봉리,,,,N,,1.0
2011-06-07 0:00,2011-06-07 0:00,낙동강,Y,경상북도 고령군 다산면 노곡리,,,,N,,1.0
2011-06-07 0:00,2011-06-07 0:00,한강,Y,경기도 양주시 광적면 가납리,,,,N,,1.0
2011-06-12 0:00,2011-06-12 0:00,낙동강,N,울산광역시 울주군 언양읍 구수리,,,,N,,1.0
2011-06-28 0:00,2011-06-28 0:00,금강,N,대전광역시 서구 복수동,,,,N,,1.0
2011-07-01 0:00,2011-07-01 0:00,한강,Y,경기도 양주시 봉양동,,,,N,,1.0
2011-07-21 0:00,2011-07-21 0:00,한강,Y,인천광역시 서구 대곡동,,,,N,,1.0
2011-07-23 0:00,2011-07-23 0:00,금강,Y,충청북도 청주시 청원구 오창읍 성재리,,,,N,,1.0
2011-08-07 0:00,2011-08-07 0:00,낙동강,Y,경상남도 김해시 주촌면 내삼리,,,,N,,1.0
2011-08-22 0:00,2011-08-22 0:00,낙동강,N,경상남도 김해시 한림면 가산리,,,,N,,1.0
2011-10-07 0:00,2011-10-07 0:00,낙동강,Y,경상남도 김해시 주촌면 내삼리,,,,N,,1.0
2011-10-23 0:00,2011-10-23 0:00,낙동강,N,경상남도 김해시 상동면 감노리,,,,N,,1.0
2011-10-23 0:00,2011-10-23 0:00,영산강,Y,광주광역시 서구 양동,,,,N,,1.0
2011-11-01 0:00,2011-11-01 0:00,금강,Y,세종특별자치시 연기면 세종리,,,,N,,1.0
2011-11-06 0:00,2011-11-06 0:00,낙동강,Y,경상남도 창녕군 길곡면 증산리,,,,N,,1.0
2011-11-24 0:00,2011-11-24 0:00,금강,Y,충청남도 청양군 청남면 왕진리,,,,N,,1.0
2011-12-30 0:00,2011-12-30 0:00,한강,Y,강원도 춘천시 신동면 팔미리,,,,N,,1.0
2012-01-01 0:00,2012-01-01 0:00,한강,Y,경기도 화성시 동탄면 오산리,,,,N,,1.0
2012-01-02 0:00,2012-01-02 0:00,영산강,Y,광주광역시 동구 선교동,,,,N,,1.0
2012-01-10 0:00,2012-01-10 0:00,낙동강,Y,경상북도 성주군 선남면 선원리,,,,N,,1.0
2012-02-24 0:00,2012-02-24 0:00,영산강,Y,광주광역시 광산구 신창동,,,,N,,1.0
2012-03-07 0:00,2012-03-07 0:00,영산강,Y,전라남도 나주시 다시면 죽산리,,,,N,,1.0
2012-03-08 0:00,2012-03-08 0:00,금강,Y,세종특별자치시 연기면 세종리,,,,N,,1.0
2012-03-22 0:00,2012-03-22 0:00,금강,Y,충청북도 진천군 덕산면 한천리,,,,N,,1.0
2012-04-13 0:00,2012-04-13 0:00,영산강,Y,광주광역시 북구 대촌동,,,,N,,1.0
2012-04-26 0:00,2012-04-26 0:00,낙동강,Y,경상남도 밀양시 하남읍 명례리,,,,N,,1.0
2012-04-30 0:00,2012-04-30 0:00,낙동강,Y,경상북도 성주군 선남면 선원리,,,,N,,1.0
2012-05-13 0:00,2012-05-13 0:00,영산강,Y,광주광역시 서구 쌍촌동,,,,N,,1.0
2012-06-01 0:00,2012-06-01 0:00,낙동강,N,경상북도 성주군 선남면 선원리,,,,N,,1.0
2012-06-04 0:00,2012-06-04 0:00,영산강,Y,광주광역시 북구 대촌동,,,,N,,1.0
2012-06-04 0:00,2012-06-04 0:00,낙동강,Y,경상남도 의령군 지정면 마산리,,,,N,,1.0
2012-06-30 0:00,2012-06-30 0:00,금강,Y,대전광역시 유성구 봉명동,,,,N,,1.0
2012-07-18 0:00,2012-07-18 0:00,낙동강,Y,경상북도 칠곡군 지천면 송정리,,,,N,,1.0
2012-08-20 0:00,2012-08-20 0:00,영산강,Y,전라남도 담양군 담양읍,,,,N,,1.0
2012-08-28 0:00,2012-08-28 0:00,영산강,Y,전라남도 담양군 담양읍,,,,N,,1.0
2012-08-28 0:00,2012-08-28 0:00,낙동강,Y,경상남도 창원시 의창구 대산면 모산리,,,,N,,1.0
2012-09-07 0:00,2012-09-07 0:00,금강,Y,대전광역시 유성구 봉명동,,,,N,,1.0
2012-09-11 0:00,2012-09-11 0:00,낙동강,Y,경상북도 상주시 도남동,,,,N,,1.0
2012-09-12 0:00,2012-09-12 0:00,낙동강,Y,경상남도 밀양시 하남읍 명례리,,,,N,,1.0
2012-09-15 0:00,2012-09-15 0:00,금강,Y,세종특별자치시 장군면 금암리,,,,N,,1.0
2012-09-20 0:00,2012-09-20 0:00,낙동강,Y,경상남도 함안군 칠북면 봉촌리,,,,N,,1.0
2012-10-19 0:00,2012-10-19 0:00,금강,Y,충청남도 부여군 부여읍 자왕리,,,,N,,1.0
2012-10-24 0:00,2012-10-24 0:00,낙동강,Y,경상북도 구미시 임수동 낙동강,,,,N,,1.0
2012-11-01 0:00,2012-11-01 0:00,금강,Y,대전광역시 유성구 봉명동,,,,N,,1.0
2012-11-08 0:00,2012-11-08 0:00,한강,N,서울특별시 동작구 본동,,,,N,,1.0
2012-11-12 0:00,2012-11-12 0:00,한강,N,강원도 횡성군 우천면 우항리,,,,N,,1.0
2012-11-19 0:00,2012-11-19 0:00,낙동강,Y,경상남도 김해시 생림면 마사리,,,,N,,1.0
2012-11-28 0:00,2012-11-28 0:00,영산강,Y,전라남도 나주시 노안면,,,,N,,1.0
2012-12-24 0:00,2012-12-24 0:00,금강,Y,세종특별자치시 전의면 신정리,,,,N,,1.0
2012-12-25 0:00,2012-12-25 0:00,금강,Y,대전광역시 서구 도안동,,,,N,,1.0
2013-01-12 0:00,2013-01-12 0:00,낙동강,Y,경북 상주시 청리면 마공리,,,,N,,1.0
2013-01-16 0:00,2013-01-16 0:00,낙동강,N,경상남도 김해시 한림면 시산리,,,,N,,1.0
2013-01-22 0:00,2013-01-22 0:00,낙동강,Y,경상남도 창원시 의창구 대산면 모산리,,,,N,,1.0
2013-01-28 0:00,2013-01-28 0:00,한강,Y,경기도 화성시 반월동,,,,N,,1.0
2013-01-30 0:00,2013-01-30 0:00,한강,Y,경기 화성시 팔탄면 구장리,,,,N,,1.0
2013-02-01 0:00,2013-02-01 0:00,한강,Y,경기도 남양주시 화도읍 창현리,,,,N,,1.0
2013-02-06 0:00,2013-02-06 0:00,낙동강,Y,경상북도 구미시 선산읍 생곡리,,,,N,,1.0
2013-02-07 0:00,2013-02-07 0:00,낙동강,Y,경상북도 칠곡군 지천면 송정리,,,,N,,1.0
2013-02-13 0:00,2013-02-13 0:00,한강,,경기도 화성시 반월동,,,,N,,1.0
2013-02-25 0:00,2013-02-25 0:00,낙동강,Y,경상남도 김해시 상동면 매리,,,,N,,1.0
2013-02-25 0:00,2013-02-25 0:00,한강,Y,경기도 하남시 당정동,,,,N,,1.0
2013-02-26 0:00,2013-02-26 0:00,영산강,N,전라남도 나주시 다시면 죽산리,,,,N,,1.0
2013-03-07 0:00,2013-03-07 0:00,낙동강,N,경상북도 구미시 오태동,,,,N,,1.0
2013-03-09 0:00,2013-03-09 0:00,낙동강,N,대구광역시 달성군 현풍면 자모리,,,,N,,1.0
2013-03-10 0:00,2013-03-10 0:00,한강,Y,경기도 의정부시 고산동,,,,N,,1.0
2013-03-25 0:00,2013-03-25 0:00,금강,Y,충청북도 보은군 보은읍 장신리,,,,N,,1.0
2013-04-08 0:00,2013-04-08 0:00,낙동강,Y,경상북도 상주시 도남동,,,,N,,1.0
2013-04-11 0:00,2013-04-11 0:00,낙동강,N,대구광역시 달성군 화원읍 설화리,,,,N,,1.0
2013-04-18 0:00,2013-04-18 0:00,낙동강,Y,경상북도 성주군 선남면 선원리,,,,N,,1.0
2013-04-22 0:00,2013-04-22 0:00,한강,Y,경기도 양평군 옥천면 아신리,,,,N,,1.0
2013-04-23 0:00,2013-04-23 0:00,영산강,Y,전라남도 화순군 화순읍 앵남리,,,,N,,1.0
2013-05-02 0:00,2013-05-02 0:00,한강,N,경기도 화성시 반월동,,,,N,,1.0
2013-05-03 0:00,2013-05-03 0:00,한강,N,경기도 연천군 청산면 대전리,,,,N,,1.0
2013-05-09 0:00,2013-05-09 0:00,낙동강,Y,경상북도 안동시 임하면 천전리,,,,N,,1.0
2013-05-10 0:00,2013-05-10 0:00,금강,Y,충청남도 논산시 가야곡면 야촌리,,,,N,,1.0
2013-05-10 0:00,2013-05-10 0:00,한강,N,경기도 안성시 일죽면 방초리,,,,N,,1.0
2013-05-13 0:00,2013-05-13 0:00,낙동강,Y,경상북도 영천시 금호읍,,,,N,,1.0
2013-05-18 0:00,2013-05-18 0:00,한강,N,경기도 시흥시 정왕동,,,,N,,1.0
2013-05-19 0:00,2013-05-19 0:00,영산강,Y,전라남도 담양군 고서면 동운리,,,,N,,1.0
2013-05-19 0:00,2013-05-19 0:00,낙동강,N,경상북도 영천시 금호읍,,,,N,,1.0
2013-05-25 0:00,2013-05-25 0:00,금강,Y,충청남도 부여군 규암면 호암리,,,,N,,1.0
2013-05-28 0:00,2013-05-28 0:00,낙동강,Y,대구광역시 달성군 다사읍 죽곡리,,,,N,,1.0
2013-05-30 0:00,2013-05-30 0:00,낙동강,N,부산광역시 강서구 대저1동,,,,N,,1.0
2013-06-04 0:00,2013-06-04 0:00,낙동강,N,대구광역시 달성군 화원읍 성산리,,,,N,,1.0
2013-06-09 0:00,2013-06-09 0:00,영산강,N,전라남도 화순군 화순읍 내평리,,,,N,,1.0
2013-06-25 0:00,2013-06-25 0:00,낙동강,N,경상북도 구미시 신평동,,,,N,,1.0
2013-06-26 0:00,2013-06-26 0:00,낙동강,Y,경상북도 칠곡군 지천면 연화리,,,,N,,1.0
2013-06-27 0:00,2013-06-27 0:00,금강,Y,충청북도 청주시 흥덕구 송정동,,,,N,,1.0
2013-06-30 0:00,2013-06-30 0:00,금강,Y,충청북도 청주시 흥덕구 송정동,,,,N,,1.0
2013-07-04 0:00,2013-07-04 0:00,한강,N,경기도 화성시 송산면 고정리,,,,N,,1.0
2013-07-12 0:00,2013-07-12 0:00,낙동강,Y,경상북도 고령군 우곡면 포리,,,,N,,1.0
2013-07-15 0:00,2013-07-15 0:00,낙동강,N,대구 달성군 화원읍 성산리,,,,N,,1.0
2013-08-04 0:00,2013-08-04 0:00,한강,Y,경기도 양주시 남면 한산리,,,,N,,1.0
2013-08-04 0:00,2013-08-04 0:00,영산강,N,광주광역시 서구 서창동,,,,N,,1.0
2013-08-05 0:00,2013-08-05 0:00,한강,Y,경기도 남양주시 진건읍,,,,N,,1.0
2013-08-13 0:00,2013-08-13 0:00,영산강,Y,전라남도 나주시 안창동,,,,N,,1.0
2013-08-14 0:00,2013-08-14 0:00,영산강,Y,광주광역시 광산구 신촌동,,,,N,,1.0
2013-08-21 0:00,2013-08-21 0:00,한강,Y,경기도 남양주시 퇴계원면,,,,N,,1.0
2013-08-30 0:00,2013-08-30 0:00,영산강,Y,광주광역시 광산구 황룡동,,,,N,,1.0
2013-09-04 0:00,2013-09-04 0:00,한강,N,서울특별시 용산구 이촌동,,,,N,,1.0
2013-09-10 0:00,2013-09-10 0:00,낙동강,Y,경상북도 영천시 금호읍 원기리,,,,N,,1.0
2014-01-02 0:00,2014-01-02 0:00,금강,Y,충청남도 청양군 청남면 천내리,,,,N,,1.0
2014-01-03 0:00,2014-01-03 0:00,낙동강,N,경상북도 구미시 임수동 낙동강,,,,N,,1.0
2014-01-24 0:00,2014-01-24 0:00,낙동강,Y,경상남도 김해시 상동면 매리,,,,N,,1.0
2014-01-25 0:00,2014-01-25 0:00,영산강,N,광주광역시 광산구 신창동,,,,N,,1.0
2014-01-26 0:00,2014-01-26 0:00,낙동강,N,경상북도 칠곡군 석적읍 중지리,,,,N,,1.0
2014-01-30 0:00,2014-01-30 0:00,금강,Y,충청남도 공주시 신관동,,,,N,,1.0
2014-02-05 0:00,2014-02-05 0:00,낙동강,N,울산광역시 남구 신정1동,,,,N,,1.0
2014-02-07 0:00,2014-02-07 0:00,영산강,N,광주광역시 남구 승촌동,,,,N,,1.0
2014-03-13 0:00,2014-03-13 0:00,한강,Y,경기도 평택시 평택동,,,,N,,1.0
2014-03-27 0:00,2014-03-27 0:00,낙동강,N,경상북도 구미시 원평동,,,,N,,1.0
2014-03-28 0:00,2014-03-28 0:00,낙동강,Y,경상남도 김해시 상동면 매리,,,,N,,1.0
2014-04-16 0:00,2014-04-16 0:00,낙동강,Y,경상북도 고령군 개진면 개포리,,,,N,,1.0
2014-04-18 0:00,2014-04-18 0:00,낙동강,Y,경상북도 상주시 도남동,,,,N,,1.0
2014-04-20 0:00,2014-04-20 0:00,영산강,Y,광주광역시 북구 월출동,,,,N,,1.0
2014-04-23 0:00,2014-04-23 0:00,한강,Y,경기도 광주시 중대동,,,,N,,1.0
2014-04-25 0:00,2014-04-25 0:00,영산강,Y,전라남도 나주시 봉황면,,,,N,,1.0
2014-05-09 0:00,2014-05-09 0:00,한강,Y,강원도 강릉시 옥계면 주수리,,,,N,,1.0
2014-05-12 0:00,2014-05-12 0:00,영산강,Y,전라남도 화순군 이양면 매정리,,,,N,,1.0
2014-05-13 0:00,2014-05-13 0:00,한강,N,경기도 가평군 청평면 삼회리,,,,N,,1.0
2014-05-14 0:00,2014-05-14 0:00,낙동강,Y,경상북도 김천시 아포읍,,,,N,,1.0
2014-05-23 0:00,2014-05-23 0:00,낙동강,N,경상북도 구미시 공단동,,,,N,,1.0
2014-05-23 0:00,2014-05-23 0:00,금강,Y,세종특별자치시 전의면,,,,N,,1.0
2014-06-03 0:00,2014-06-03 0:00,낙동강,Y,경상북도 칠곡군 왜관읍 왜관리,,,,N,,1.0
2014-06-04 0:00,2014-06-04 0:00,금강,N,충청남도 서산시 성연면 명천리,,,,N,,1.0
2014-06-04 0:00,2014-06-04 0:00,낙동강,Y,경상남도 양산시 물금읍,,,,N,,1.0
2014-06-25 0:00,2014-06-25 0:00,영산강,N,전라남도 나주시 봉황면,,,,N,,1.0
2014-06-29 0:00,2014-06-29 0:00,낙동강,N,경상북도 구미시 비산동,,,,N,,1.0
2014-07-12 0:00,2014-07-12 0:00,금강,Y,세종특별자치시 부강면 금호리,,,,N,,1.0
2014-07-24 0:00,2014-07-24 0:00,낙동강,Y,경상북도 칠곡군 석적읍 중지리,,,,N,,1.0
2014-08-02 0:00,2014-08-02 0:00,낙동강,N,경상북도 경산시 진량읍 평사리,,,,N,,1.0
2014-08-06 0:00,2014-08-06 0:00,낙동강,Y,경상북도 안동시 송현동,,,,N,,1.0
2014-08-08 0:00,2014-08-08 0:00,낙동강,Y,경상남도 함안군 칠서면,,,,N,,1.0
2014-08-08 0:00,2014-08-08 0:00,한강,N,강원도 화천군 상서면 산양리,,,,N,,1.0
2014-08-09 0:00,2014-08-09 0:00,금강,Y,충청남도 부여군 장암면 합곡리,,,,N,,1.0
2014-08-22 0:00,2014-08-22 0:00,영산강,N,전라남도 화순군 도곡면 천암리,,,,N,,1.0
2014-08-27 0:00,2014-08-27 0:00,낙동강,Y,경상북도 경산시 진량읍 봉회리,,,,N,,1.0
2014-12-23 14:30,2014-12-23 14:30,한강,N,강원도 강릉시 강동면 산성우리 259-1,,2014-12-23 14:30,2014-12-23 17:58,N,,1.0
2015-01-05 0:10,2015-01-06 14:49,한강,Y,경기도 용인시 처인구 고림동 673-14번지,,2015-01-06 14:53,2017-02-16 14:26,N,,1.0
2015-01-18 15:00,2015-01-18 15:00,영산강,N,전라북도 익산시 왕궁면 제석사지로 335,(주) 신평산업,2015-01-21 15:23,2017-02-16 14:17,N,,1.0
2015-02-05 22:00,2015-02-05 22:00,한강,Y,강원도 화천군 간동면 오음리 493-1,강원도 화천 북한강 인근 군부대,2017-02-09 14:21,2017-02-16 13:56,N,,1.0
2015-02-13 15:49,2015-02-13 15:49,한강,,경기도 화성시 장안면 금의리 477-8,,2017-02-09 14:37,2017-02-09 14:37,Y,,1.0
2015-02-13 21:06,2015-02-13 21:06,한강,Y,경기도 화성시 장안면 금의리 477-2,(주) 대명특수산업,2015-02-23 15:12,2017-02-16 13:54,N,,1.0
2015-02-16 11:20,2015-02-16 11:20,낙동강,Y,경상북도 구미시 임수동 92-11,경상북도 구미시 동락공원 앞 수로(칠곡군 경계지점),2017-02-09 16:04,2017-02-16 13:44,N,,1.0
2015-02-16 11:20,2015-02-16 11:20,낙동강,,경상북도 구미시 오태동 산 35-1,경상북도 구미시 동락공원 앞 수로(칠곡군 경계지점),2017-02-09 14:48,2017-02-09 14:48,Y,,1.0
2015-03-03 11:00,2015-03-03 11:00,낙동강,Y,경상북도 안동시 일직면 조탑리 452-6,경북 안동시 일직면 조탑리 478(남안동IC에서 TG 진입도로),2017-02-09 15:41,2017-02-16 13:38,N,,1.0
2015-03-05 12:10,2015-03-05 12:10,금강,Y,세종특별자치시  연기면 해밀리 6-2,세종특별자치시 도담동1-4 생활권 C4-2,2017-02-09 15:49,2017-02-16 13:33,N,,1.0
2015-03-29 15:30,2015-03-29 15:30,금강,Y,세종특별자치시  연기면 세종리 산 261,세종특별자치시 도담동 390 도담2교 인근,2017-02-09 15:54,2017-02-16 13:26,N,,1.0
2015-04-07 9:20,2015-04-07 9:20,영산강,Y,광주광역시 남구 승촌동 604-8,승촌보 상류 계류장 주변(나주시 노안면),2017-02-09 16:38,2017-02-16 13:19,N,,1.0
2015-04-13 9:30,2015-04-13 9:33,영산강,Y,전라남도 화순군 도곡면 대곡리 952-13,농가 비닐하우스,2017-02-09 17:35,2017-02-15 16:51,N,,1.0
2015-04-16 9:35,2015-04-16 9:37,영산강,Y,광주광역시 광산구 용봉동 211-4,승촌보 상류 용봉배수장 주변(나주시 노안면),2017-02-09 17:48,2017-02-15 9:14,N,,1.0
2015-05-25 2:16,2015-05-25 8:00,한강,Y,경기도 김포시 고촌읍 전호리 743,제일모직 김포물류센터,2017-03-27 11:14,2017-03-27 11:21,N,,1.0
2015-05-25 2:16,2017-03-27 8:00,한강,Y,경기도 김포시 고촌읍 전호리 743,제일모직 김포물류센터,2017-03-27 11:11,2017-03-27 11:12,Y,,1.0
2015-05-25 6:50,2015-05-25 6:55,한강,Y,경기도 김포시 고촌읍 전호리 743,제일모직 김포물류센터,2017-02-09 13:46,2017-02-09 14:55,Y,,1.0
2015-05-29 9:55,2015-05-29 10:00,한강,Y,경기도 여주시 가남읍 삼군리 94-2,스티로폼 제조공장,2017-02-09 15:00,2017-02-14 10:56,N,,1.0
2015-05-29 10:00,2017-02-09 14:55,한강,,경기도 여주시 가남읍 삼군리 94-2,스티로폼 제조공장,2017-02-09 14:58,2017-02-09 14:58,Y,,1.0
2015-06-06 19:00,2015-06-07 7:00,한강,Y,서울특별시 마포구 상암동 1538,올림픽대교 북단,2017-02-09 15:14,2017-02-14 9:43,N,,1.0
2015-06-07 15:40,2015-06-07 15:41,한강,Y,경기도 용인시 처인구 포곡읍 둔전리 422-13,둔전역~수포교 사이 경안천,2017-02-09 15:35,2017-02-13 11:22,N,,1.0
2015-06-08 12:30,2015-06-08 15:37,영산강,Y,광주광역시 북구 신용동 641-1,첨단대교 인근 배수로,2017-02-09 15:42,2017-02-13 11:17,N,,1.0
2015-06-09 9:30,2015-06-09 9:35,영산강,Y,광주광역시 서구 용두동 2348,광주광역시 서구 서창동 서창교(승촌보 상류 8km),2017-02-09 16:30,2017-02-13 11:06,N,,1.0
2015-06-14 13:45,2015-06-14 13:47,금강,Y,대전광역시 대덕구 신일동 1235-1,1235-2 용신교 부근,2017-02-09 16:37,2017-02-13 10:36,N,,1.0
2015-06-24 13:00,2015-06-24 13:03,한강,Y,경기도 가평군 설악면 회곡리 741-8,북한강변,2017-02-09 16:59,2017-02-13 10:33,N,,1.0
2015-07-14 10:45,2015-07-14 10:40,낙동강,Y,경상북도 성주군 선남면 성주로 4003,낙동강합류부 ~ 상류 1.7km,2017-02-09 16:40,2017-02-13 10:20,N,,1.0
2015-07-17 11:05,2015-07-17 11:10,낙동강,Y,경상북도 영천시 도남공단1길 8 (도남동),,2017-02-09 16:31,2017-02-13 9:35,N,,1.0
2015-07-28 9:00,2015-07-28 9:05,한강,Y,경기도 김포시 고촌읍 전호리 1,,2017-02-09 16:18,2017-02-13 9:29,N,,1.0
2015-08-07 13:00,2015-08-07 13:05,한강,Y,경기도 가평군 가평읍 금대리 520-5,,2017-02-09 15:53,2017-02-13 9:21,N,,1.0
2015-08-13 10:00,2015-08-13 10:05,영산강,Y,광주광역시 북구 대촌동 954,,2017-02-09 15:45,2017-02-10 16:36,N,,1.0
2015-08-13 15:10,2015-08-13 15:11,한강,Y,경기도 안성시 일죽면 화곡리 25-5,청미천,2016-09-02 15:30,2017-02-13 9:15,N,,1.0
2015-08-21 1:50,2015-08-21 1:55,한강,Y,경기도 평택시 세교산단로 17 (세교동),,2017-02-09 15:25,2017-02-10 16:30,N,,1.0
2015-09-08 17:00,2015-09-14 13:27,한강,N,경기도 과천시 과천동 249,과천시 환경사업소 인근,2015-09-14 13:29,2017-02-10 16:27,N,,1.0
2015-09-23 7:30,2015-09-23 7:35,한강,Y,경기도 하남시 상산곡동 268-3,,2017-02-09 15:11,2017-02-10 16:20,N,,1.0
2015-10-07 21:37,2015-10-07 21:40,한강,Y,경기도 용인시 처인구 모현면 오산리 245-2,오산리 포은대로 896 42-37 (주)안전물류센터 옥외저장탱크,2016-08-26 14:16,2017-02-10 16:15,N,,1.0
2015-10-23 15:50,2015-10-23 15:50,영산강,Y,전라남도 나주시 다시면 죽산리 1052-2,죽산보 우안 하류 2km,2016-08-24 16:13,2017-02-10 16:07,N,,1.0
2015-11-11 15:33,2015-11-11 15:33,한강,Y,경기도 용인시 처인구 남사면 진목리 873-1,,2016-08-24 15:37,2017-02-10 15:44,N,,1.0
2015-11-11 16:00,2015-11-11 16:05,한강,,경기도 용인시 처인구 남사면 진목리 873-1,,2017-02-09 14:17,2017-02-09 14:17,Y,,1.0
2015-11-26 6:40,2015-11-26 6:45,한강,,경기도 광주시 쌍령동 113-8,,2017-02-09 13:58,2017-02-09 13:58,Y,,1.0
2015-11-26 15:23,2015-11-26 15:23,한강,Y,경기도 광주시 쌍령동 113-8,,2016-08-24 15:29,2017-02-10 15:26,N,,1.0
2016-01-26 14:30,2016-01-26 14:35,한강,Y,서울특별시 광진구 자양동 6-1,,2016-06-13 13:44,2017-02-10 15:07,N,,1.0
2016-01-31 9:40,2016-01-31 9:48,한강,Y,경기도 김포시 고촌읍 신곡리 188-5,김포 아라마리나 선착장,2016-06-13 13:49,2017-02-10 14:58,N,,1.0
2016-03-07 14:30,2017-02-07 14:46,한강,Y,경기도 평택시 포승읍 원정리 1180,인근 배수로(발안천),2017-02-07 14:51,2017-02-07 14:56,Y,,1.0
2016-03-09 14:30,2016-03-09 14:35,한강,Y,경기도 평택시 포승읍 원정리 1180,포승공단 내 배수로(발안천),2017-02-07 14:59,2017-02-10 14:52,N,,1.0
2016-03-13 22:52,2016-03-14 10:00,한강,Y,경기도 용인시 처인구 모현면 포은대로896번길 42-37,(주)안전물류센터,2017-02-07 15:14,2017-02-10 14:48,N,,1.0
2016-04-02 18:51,2017-02-07 18:53,한강,,경기도 광주시 초월읍 대쌍령리 396-7,서울상사(주),2017-02-07 16:59,2017-02-07 16:59,Y,,1.0
2016-04-02 18:51,2016-04-02 18:55,한강,Y,경기도 광주시 초월읍 대쌍령리 396-7,서울상사(주),2017-02-07 17:01,2017-02-10 14:43,N,,1.0
2016-04-12 13:15,2016-04-12 13:33,낙동강,Y,경상북도 칠곡군 석적읍 남율리 775-14,경부고속도로 상행선 낙동강교 위,2017-02-07 17:13,2017-02-10 14:23,N,,1.0
2016-05-17 9:10,2016-05-17 9:20,영산강,Y,광주광역시 광산구 안청동 730-23,도천교 인근(하남산단 내 풍영정천 일대),2017-02-08 14:09,2017-02-10 14:20,N,,1.0
2016-05-17 22:40,2016-05-17 22:41,낙동강,Y,경상남도 사천시 곤양면 서정리 947,고속도로 인근 국도변,2017-02-07 17:45,2017-02-10 14:17,N,,1.0
2016-05-20 12:30,2016-05-20 12:35,낙동강,Y,대구광역시 동구 괴전동 300-3,대림육교 부근,2017-02-08 15:09,2017-02-10 14:05,N,,1.0
2016-06-01 23:00,2016-06-01 11:30,낙동강,Y,경상북도 고령군 다산면 송곡리 1494-4,다산산업단지,2016-06-13 11:03,2017-02-10 14:01,N,,1.0
2016-06-28 9:00,2016-06-28 9:05,낙동강,Y,경상북도 칠곡군 왜관읍 왜관리 788-1,제2왜관교 좌안,2017-02-08 15:46,2017-02-10 13:46,N,,1.0
2016-07-05 22:15,2016-07-05 22:20,한강,N,경기도 김포시 고촌읍 신곡리 산 28,김포대교 좌안,2016-07-11 10:22,2017-02-16 17:24,N,,1.0
2016-07-10 13:35,2016-07-10 13:40,금강,Y,세종특별자치시  연기면 세종리 551-235,세종보,2016-07-11 10:14,2017-02-10 12:22,N,,1.0
2016-07-18 11:20,2016-07-18 11:25,낙동강,Y,경상남도 밀양시 삼랑진읍 검세리 110,작원관지 하류 인근,2016-07-18 13:00,2017-02-10 11:31,N,,1.0
2016-07-23 7:30,2016-07-23 7:35,한강,Y,서울특별시 마포구 성산동 515-10,서울 상암경기장,2016-08-22 11:08,2017-02-10 11:27,N,,1.0
2016-07-29 11:11,2016-07-29 11:12,낙동강,Y,울산광역시 남구 여천동 666,울산케미칼 울산 제2공장,2016-08-24 11:17,2017-02-10 11:23,N,,1.0
2016-08-20 11:00,2016-08-20 11:20,낙동강,Y,부산광역시 사하구 하단동 1149-7,낙동강통합물관리센터 인근,2016-08-22 10:37,2017-02-10 11:19,N,,1.0
2016-08-23 21:00,2016-08-24 9:28,한강,Y,경기도 남양주시 오남읍 오남리 30-2,오남저수지 인근,2016-08-26 9:31,2017-02-10 11:17,N,,1.0
2016-09-06 10:14,2016-09-06 10:15,한강,Y,경기도 용인시 처인구 삼가동 241-35,,2016-09-06 10:17,2016-09-06 10:19,Y,,1.0
2016-09-23 10:30,2016-09-23 10:35,낙동강,Y,경상북도 경산시 진량읍 황제리 122-1,황제교 인근(추정),2016-09-23 10:59,2017-02-10 11:12,N,,1.0
2016-09-24 12:30,2016-09-24 12:45,금강,Y,대전광역시 대덕구 신일동 472-3,"대전3,4일반산업단지 우수관로 인근",2016-09-26 9:59,2017-02-10 10:58,N,,1.0
2016-10-01 12:37,2016-10-01 12:37,낙동강,Y,부산광역시 북구 금곡동 846-1,동원지하철역 인근 샛강,2016-10-01 12:41,2017-02-10 11:07,N,,1.0
2016-11-09 11:25,2016-11-09 11:27,한강,N,경기도 고양시 덕양구 주교동 228-6,,2016-11-09 13:13,2017-02-10 11:06,N,,1.0
2016-11-09 15:19,2016-11-09 15:23,낙동강,Y,경상남도 김해시 한림면 시산리 70-8,시산리 623번지 준설선 해체현장,2017-02-09 10:56,2017-02-10 11:05,N,,1.0
2016-12-13 11:50,2016-12-13 11:41,금강,Y,충청북도 진천군 진천읍 읍내리 350-2,오창산단 한라비발디 아파트부근 육교,2016-12-13 11:58,2017-02-10 11:02,N,,1.0
2016-12-24 12:30,2017-02-24 12:35,낙동강,,경상남도 김해시 한림면 시산리 404,시산리 623 번지(준설선 해제작업),2017-02-09 13:14,2017-02-09 13:14,Y,,1.0
2016-12-24 12:30,2016-12-24 12:35,낙동강,Y,경상남도 김해시 한림면 시산리 378-2,623번지(준설선 해체작업지),2017-02-09 13:19,2017-02-10 11:01,N,,1.0
2017-01-16 16:46,2017-01-16 16:46,한강,Y,경기도 용인시 처인구 포곡읍 가실리 산 14-2,,2017-01-16 16:47,2017-01-16 16:59,Y,,1.0
2017-01-16 17:24,2017-01-16 17:24,한강,Y,경기도 남양주시 조안면 능내리 산 25,,2017-01-16 17:25,2017-01-17 17:13,Y,,1.0
2017-01-25 5:55,2017-01-25 6:43,낙동강,Y,대구광역시 달성군 다사읍 서재리 128,다사농협클린주유소,2017-01-25 9:16,2017-02-10 10:59,N,,1.0
2017-01-25 10:02,2017-01-25 10:02,낙동강,,대구광역시 달성군 다사읍 서재리 128,,2017-01-25 10:04,2017-01-25 10:04,Y,,1.0
2017-01-25 10:04,2017-01-25 10:04,낙동강,,대구광역시 달성군 다사읍 서재리 128,,2017-01-25 10:06,2017-01-25 10:06,Y,,1.0
2017-01-25 16:00,2017-01-25 16:00,한강,,강원도 횡성군 청일면 속실리 산 20-2,,2017-01-25 16:00,2017-01-25 16:00,Y,,1.0
2017-01-25 16:04,2017-01-25 16:04,한강,,강원도 홍천군 화촌면 장평리 산 41-1,,2017-01-25 16:05,2017-01-25 16:05,Y,,1.0
2017-01-26 9:09,2017-01-26 9:09,한강,,강원도 횡성군 청일면 유동리 산 53-1,ㅇㅇㅇ,2017-01-26 9:10,2017-01-26 9:10,Y,,1.0
2017-02-02 15:36,2017-02-02 15:36,한강,Y,경기도 남양주시 진접읍 내곡리 560,임송교인근(왕숙천),2017-02-02 15:41,2017-02-10 10:58,N,,1.0
2017-02-08 11:50,2017-02-08 12:10,낙동강,Y,경상남도 김해시 한림면 시산리 623,준설선 해제작업 현장,2017-02-08 12:37,2017-02-27 14:15,N,,1.0
2017-02-19 10:00,2017-02-20 9:54,금강,Y,대전광역시 동구 인동 10-1,인창교 인근,2017-02-20 10:28,2017-02-27 11:10,N,,1.0
2017-03-13 11:33,2017-03-13 11:33,,,인천광역시 서구 오류동 1605,,2017-03-13 11:09,2017-03-13 11:09,Y,,1.0
2017-03-13 11:37,2017-03-13 11:37,,,인천광역시 서구 오류동 1605,,2017-03-13 11:13,2017-03-13 11:13,Y,,1.0
2017-03-13 16:39,2017-03-13 16:39,,,인천광역시 서구 오류동 1605,,2017-03-13 16:15,2017-03-13 16:15,Y,,1.0
2017-03-13 16:40,2017-03-13 16:40,,,인천광역시 서구 오류동 1605,,2017-03-13 16:15,2017-03-13 16:15,Y,,1.0
2017-03-14 15:36,2017-03-14 15:36,한강,Y,인천광역시 부평구 산곡동 294-14,,2017-03-14 15:12,2017-03-16 9:51,Y,,1.0
2017-03-16 9:44,2017-03-16 9:44,한강,N,인천광역시 남구 주안동 87,,2017-03-16 9:44,2017-03-16 9:50,Y,,1.0
2017-03-16 9:46,2017-03-16 9:46,낙동강,Y,인천광역시 부평구 산곡동 산 146-2,,2017-03-16 9:47,2017-03-16 9:48,Y,,1.0
2017-03-25 13:08,2017-03-27 15:00,영산강,Y,광주광역시 광산구 도천동 624-1,"광주광역시 광산구 풍영정천(하남산업단지, 하남3교→운남대교)",2017-03-27 10:14,2017-04-20 9:58,N,,1.0
2017-03-31 13:20,2017-03-31 13:24,낙동강,Y,대구광역시 달성군 구지면 내리 825,우곡교 상류 달성군제2차일반산업단지 인근,2017-03-31 13:43,2017-04-03 10:30,N,,1.0
2017-04-01 12:00,2017-04-01 12:05,낙동강,Y,경상북도 상주시 중덕동 432,인근 외서천,2017-04-20 10:28,2017-04-20 10:44,N,FILE_000000000007137,1.0
2017-04-01 12:00,2017-04-20 10:24,낙동강,Y,경상북도 상주시 중덕동 432,인근 외서천,2017-04-20 10:26,2017-04-20 10:26,Y,,1.0
2017-04-05 14:30,2017-04-05 16:45,영산강,Y,광주광역시 광산구 도천동 351-3,풍영정천 골옷교~하남교 사이 농수로,2017-04-20 17:26,2017-04-20 17:51,N,FILE_000000000007171,1.0
2017-04-15 13:32,2017-04-15 13:35,낙동강,Y,대구광역시 달성군 화원읍 성산리 158-5,천내천 우수관로,2017-04-20 17:40,2017-04-20 17:50,N,FILE_000000000007169,1.0
2017-04-20 7:50,2017-04-20 10:00,낙동강,Y,부산광역시 북구 금곡동 1606,인근 바지선,2017-04-20 10:22,2017-04-20 17:11,N,,1.0
2017-05-02 12:00,2017-05-02 12:04,금강,Y,충청북도 청주시 흥덕구 옥산면 남촌리 775,작천보 인근,2017-05-02 12:48,2017-05-02 15:51,N,,1.0
2017-05-05 8:02,2017-05-05 8:10,한강,Y,경기도 성남시 분당구 운중동 426-5,운중터널 인근,2017-06-01 15:04,2017-12-06 15:15,N,,1.0
2017-05-10 10:10,2017-06-01 14:22,금강,,대전광역시 대덕구 신대동 433-3,대전하수처리장 인근 갑천,2017-06-01 14:32,2017-06-01 14:32,Y,,1.0
2017-05-10 10:10,2017-05-10 10:20,금강,Y,대전광역시 대덕구 신대동 433-3,대전하수처리장 인근 갑천,2017-06-01 14:34,2017-06-01 14:38,N,,1.0
2017-05-22 17:26,2017-05-22 11:30,영산강,Y,전라남도 담양군 봉산면 기곡리 796,,2017-05-22 17:41,2017-05-23 11:14,N,,1.0
2017-06-01 8:55,2017-06-01 8:57,금강,Y,대전광역시 중구 중촌동 413-2,용문교 인근 유등천,2017-06-01 14:20,2017-06-01 14:21,N,,1.0
2017-06-18 12:00,2017-06-18 12:05,금강,Y,충청남도 보령시 신흑동 2133,남포방조제 농어촌공사 수문 인근,2017-06-19 11:39,2017-06-19 13:16,N,,1.0
2017-06-19 17:38,2017-06-19 17:38,,,경기도 성남시 분당구 야탑동 488-2,,2017-06-19 17:14,2017-06-19 17:14,Y,,1.0
2017-06-30 19:25,2017-06-30 19:30,낙동강,Y,경상북도 칠곡군 기산면 평복리 산 67,야산 중턱,2017-06-30 19:49,2017-07-03 9:48,N,,1.0
2017-07-01 14:50,2017-07-01 14:55,낙동강,Y,경상남도 창원시 의창구 북면 외산리 772-4,창녕함안보하류~본포교 인근,2017-07-03 10:06,2017-07-04 13:36,N,,1.0
2017-07-07 7:30,2017-07-07 7:40,낙동강,Y,경상남도 창녕군 남지읍 대곡리 839,박진교 인근,2017-07-07 9:01,2017-07-20 9:49,N,,1.0
2017-07-11 11:50,2017-07-11 14:00,낙동강,Y,부산광역시 북구 금곡동 476,,2017-07-11 14:03,2017-07-20 9:53,N,,1.0
2017-07-18 9:35,2017-07-18 9:38,금강,Y,충청북도 청주시 흥덕구 향정동 148,환경관리 청주사업소,2017-08-03 10:39,2017-08-03 10:42,N,,3.0
2017-07-24 15:32,2017-07-24 15:32,낙동강,Y,대구광역시 달성군 구지면 내리 442,이노정 인근(대구국가산업단지),2017-07-24 15:37,2017-12-06 15:23,N,,1.0
2017-07-31 13:43,2017-07-31 13:45,금강,Y,충청남도 부여군 부여읍 저석리 775,왕진교 인근,2017-08-03 10:23,2017-08-31 14:14,N,,3.0
2017-08-18 11:00,2017-08-18 11:03,낙동강,Y,대구광역시 달성군 구지면 내리 452,달성군 2차산단 인근 우수관로,2017-08-18 11:20,2017-10-10 15:27,N,,1.0
2017-08-20 17:50,2017-08-20 18:55,낙동강,Y,경상북도 구미시 공단동 437,,2017-08-31 14:01,2017-08-31 14:06,N,,3.0
2017-09-01 12:30,2017-09-01 12:40,금강,Y,대전광역시 대덕구 문평동 41-1,산업단지 인근,2017-09-01 13:08,2017-09-06 11:22,N,,1.0
2017-09-05 17:40,2017-09-05 17:45,금강,Y,대전광역시 대덕구 문평동 519-6,갑천 인근,2017-09-06 9:36,2017-09-06 16:18,N,,3.0
2017-09-11 14:30,2017-09-11 14:45,금강,Y,충청북도 청주시 청원구 오창읍 성재리 764-1,성재세월교 ~상류 400m 인근,2017-09-12 11:17,2017-09-15 9:15,N,,3.0
2017-09-17 16:05,2017-09-17 16:15,낙동강,Y,경상북도 구미시 진평동 799-2,동락공원 선착장 인근,2017-09-18 9:15,2017-12-06 15:30,N,,1.0
2017-10-07 15:22,2017-10-07 15:22,,,경기도 평택시 비전동 1013-1,,2017-10-07 14:58,2017-10-07 14:58,Y,,
2017-11-20 9:52,2017-11-20 9:52,,,,,2017-11-20 9:28,2017-11-20 9:28,Y,,
2017-11-20 9:57,2017-11-20 9:57,,,,,2017-11-20 9:33,2017-11-20 9:33,Y,,
2017-11-20 13:35,2017-11-20 13:35,,,,,2017-11-20 13:11,2017-11-20 13:11,Y,,
2017-12-04 15:48,2017-12-04 15:48,,,,,2017-12-04 15:53,2017-12-04 15:53,Y,,
2017-12-04 17:48,2017-12-04 17:48,,,,,2017-12-04 17:52,2017-12-04 17:52,Y,,
2017-12-09 11:35,2017-12-11 10:05,금강,Y,충청남도 천안시 동남구 동면 행암리 472,"행암저수지(행암지,행암소류지)",2017-12-09 11:40,2017-12-11 10:44,N,,
2018-01-22 11:10,2018-01-22 11:10,금강,Y,충청남도 공주시 신관동 439-2,,2018-04-16 16:27,2018-04-16 17:27,N,,3.0
2018-02-01 13:04,2018-02-01 13:04,,,,,2018-02-01 13:09,2018-02-01 13:09,Y,,
2018-02-08 13:58,2018-02-08 13:58,한강,Y,경기도 여주시 대신면 계림리 513,,2018-04-16 15:57,2018-04-16 16:50,N,,3.0
2018-02-08 14:00,2018-04-13 14:18,한강,,경기도 여주시 대신면 계림리 513,,2018-04-13 14:27,2018-04-13 14:27,Y,,3.0
2018-02-12 22:12,2018-02-12 22:12,한강,N,경기도 시흥시 조남동 567-1,,2018-02-12 22:49,2018-04-13 13:46,Y,,1.0
2018-02-13 20:50,2018-02-13 20:50,금강,Y,충청남도 당진시 정미면 천의리 243-35,정미농협주유소,2018-02-13 23:58,2018-02-14 10:54,N,,1.0
2018-02-16 13:49,2018-02-16 13:49,금강,Y,대전광역시 동구 천동 72-1,,2018-02-16 14:04,2018-02-19 15:30,N,,1.0
2018-03-14 10:13,2018-03-14 10:13,낙동강,Y,경상북도 칠곡군 왜관읍 금남리 804,,2018-03-14 17:15,2018-03-14 17:16,N,,3.0
2018-03-15 11:15,2018-03-15 11:15,영산강,Y,광주광역시 남구 승촌동 495-4,승촌보 상류 우안 150m 지점(수자원공사 계류장 인근),2018-03-16 14:16,2018-03-19 18:24,N,,1.0
2018-03-16 14:43,2018-03-16 14:43,한강,Y,방산면,군부대 관리중인 방산회관,2018-03-16 14:49,2018-04-09 17:29,N,,1.0
2018-03-16 18:48,2018-03-16 16:30,영산강,Y,광주광산구 월곡동 684-1,영천중학교 앞 풍영전천,2018-03-16 18:58,2018-04-02 15:58,N,FILE_000000000008612,3.0
2018-03-20 17:55,2018-03-20 17:55,낙동강,Y,경상북도 의성군 다인면 가원농공길 47,,2018-04-16 16:49,2018-04-16 17:06,N,,3.0
2018-03-21 18:07,2018-03-21 18:07,금강,Y,대전광역시 서구 흑석동 980,,2018-04-16 17:26,2018-04-16 17:53,N,,3.0
2018-04-01 12:35,2018-04-01 12:35,금강,Y,대전광역시 유성구 궁동 248-1,,2018-04-16 17:45,2018-04-17 9:16,N,,3.0
2018-04-02 14:35,2018-04-02 14:35,낙동강,N,경상북도 성주군 용암면 동락리 1046,,2018-04-13 13:46,2018-06-20 17:40,Y,,1.0
2018-04-14 11:50,2018-04-14 11:50,금강,N,대전광역시 유성구 금고동 245,,2018-04-18 15:16,2018-04-18 17:18,Y,,1.0
2018-04-23 13:24,2018-04-23 13:24,금강,Y,충청남도 논산시 성동면 개척길 247-14,개척배수장 인근 농수로,2018-04-24 13:54,2018-04-25 9:56,N,,1.0
2018-04-30 21:38,2018-04-30 21:38,낙동강,Y,경상북도 성주군 초전면 용봉리 129,,2018-05-02 9:27,2018-05-02 9:35,N,,3.0
2018-05-07 9:40,2018-05-07 9:43,낙동강,Y,경상북도 영주시 장수면 반구리 565-5,영주반구전문 농공단지 내 베어링아트공장,2018-05-09 17:10,2018-05-09 17:11,N,,3.0
2018-05-10 22:33,2018-05-10 22:33,,,서울특별시 양천구 신정동 276,,2018-05-10 22:36,2018-05-10 22:36,Y,,
2018-05-14 10:00,2018-06-04 10:12,한강,Y,경기도 화성시 우정읍 주곡리 369,조암IC 인근,2018-06-04 10:14,2018-06-04 10:19,Y,,3.0
2018-05-14 10:00,2018-05-14 10:00,한강,Y,경기도 화성시 우정읍 주곡리 369,조암IC 인근,2018-06-04 10:55,2018-06-04 11:04,N,,3.0
2018-05-15 14:40,2018-05-15 14:40,낙동강,N,부산광역시 사하구 하단동 1149,,2018-06-04 10:59,2018-06-04 11:11,Y,,3.0
2018-05-18 7:58,2018-05-18 8:00,금강,Y,충청북도 진천군 덕산면 화상리 1-2,충청북도 진천군 덕산면 화상리 46-2,2018-12-03 14:58,2018-12-03 15:00,N,,3.0
2018-06-07 19:33,2018-06-07 20:06,금강,N,대전광역시 유성구 하기동 149-3,대전광역시 유성구 어은교 북면 일원,2018-06-08 13:37,2018-06-15 10:31,Y,,1.0
2018-06-13 12:45,2018-06-13 12:45,금강,Y,대전광역시 서구 만년동 300,대덕대교~엑스포다리,2018-06-15 10:30,2018-06-20 17:48,N,,3.0
2018-07-03 9:00,2018-07-03 10:20,영산강,Y,전라남도 나주시 금천면 촌곡리 188,,2018-07-03 13:19,2018-07-03 13:30,N,,3.0
2018-07-03 12:28,2018-07-03 13:00,한강,Y,경기도 김포시 통진읍 가현리 109-3,,2018-07-03 16:42,2018-07-03 16:45,N,,3.0
2018-07-19 8:15,2018-07-23 9:30,낙동강,Y,울산광역시 북구 연암동 822,(주)월드오일뱅크 알뜰주유소,2018-07-23 9:43,2018-07-23 9:44,N,,3.0
2018-07-25 16:50,2018-07-25 17:10,영산강,Y,전라남도 나주시 왕곡면 영산포로 30-17,산들애 농약마트,2018-07-31 10:09,2018-07-31 10:22,N,,3.0
2018-07-27 14:00,2018-08-10 14:08,낙동강,N,부산 북구 구포동 1157-1,구포대교 인근,2018-08-10 13:53,2018-08-10 13:54,Y,,1.0
2018-07-27 14:00,2018-07-27 14:08,낙동강,Y,부산 북구 구포동 1157-1,구포대교 인근,2018-08-10 13:59,2018-08-10 14:54,N,FILE_000000000011947,1.0
2018-07-31 22:57,2018-08-01 7:30,낙동강,Y,경상북도 상주시 헌신동 750-1,헌신동 750-1번지 일원 비닐하우스,2018-09-07 11:01,2018-09-07 11:04,N,,1.0
2018-08-07 17:00,2018-08-07 17:05,금강,Y,충청북도 옥천군 군북면 석호1길 74,석호리 산21-5(청풍정) 인근,2018-09-07 10:41,2018-09-07 10:45,N,,3.0
2018-08-17 6:45,2018-08-17 7:00,낙동강,Y,경상남도 김해시 진영읍 우동리 312-4,진영휴게소 부근,2018-09-07 13:08,2018-09-07 13:09,N,,2.0
2018-08-28 8:58,2018-08-28 10:10,한강,Y,경기도 광주시 태전동 517-7,대연정공 인근 직리천,2018-09-07 13:20,2018-09-07 13:21,N,,3.0
2018-09-01 22:00,2018-09-01 22:05,한강,Y,서울특별시 성북구 동선동3가 2,성북천 인근,2018-09-20 17:15,2018-09-20 17:17,N,,3.0
2018-09-10 10:27,2018-09-10 10:35,금강,Y,대전광역시 대덕구 문평동 748,,2018-09-20 16:49,2018-09-20 16:51,N,,3.0
2018-10-29 8:03,2018-10-29 8:13,한강,Y,경기도 하남시 조정대로 72 (풍산동),경기도 하남시 조정대로 72,2018-10-29 11:10,2018-11-09 9:43,N,FILE_000000000014208,3.0
2018-11-29 18:40,2018-11-29 18:40,낙동강,Y,경상북도 상주시 공성면 금계리 998-5,인근 비닐하우스,2019-01-02 11:12,2019-01-02 11:24,N,,3.0
2018-12-03 9:01,2018-12-03 12:20,낙동강,Y,경상북도 칠곡군 약목면 칠곡대로 820-28,약목면 무림배수지,2018-12-17 13:33,2018-12-17 13:47,Y,,3.0
2018-12-03 9:01,2018-12-03 12:20,낙동강,Y,경상북도 칠곡군 약목면 칠곡대로 820-28,약목면 무림배수지,2018-12-17 13:49,2018-12-17 13:51,N,,3.0
2018-12-03 14:51,2018-12-03 14:51,금강,,충청북도 진천군 덕산면 화상리 1-2,충청북도 진천군 덕산면 화상리 46-2,2018-12-03 14:56,2018-12-03 14:56,Y,FILE_000000000014860,3.0
2018-12-19 11:05,2018-12-19 11:07,금강,Y,세종특별자치시 연기면 세종리 551-325,세종보 인근,2019-01-18 13:27,2019-01-18 13:30,N,,3.0
2018-12-19 18:00,2018-12-19 18:00,낙동강,Y,울산광역시 울주군 온산읍 덕신리 145-14,(주)극동상운 차고지,2019-01-02 11:23,2019-01-02 11:24,N,,3.0
2019-02-20 17:12,2019-02-20 17:12,한강,Y,경기도 남양주시 화도읍 금남리 814,화도읍 인근 군부대,2019-03-15 10:34,2019-03-15 10:50,N,,3.0
2019-02-26 14:05,2019-02-26 14:05,낙동강,Y,경상북도 상주시 중동면 죽암리 1,죽암리 인근 강창교(상주보 약 3km 하류),2019-03-15 10:45,2019-03-15 10:49,N,,3.0
2019-03-04 12:30,2019-03-04 12:30,낙동강,Y,경상북도 성주군 용암면 사곡공단2길 10,모다스(폐기물업체),2019-04-17 9:52,2019-05-08 15:27,N,,3.0
2019-04-25 10:48,2019-04-25 10:50,한강,Y,경기도 화성시 남양읍 장덕북길 110-47,,2019-06-12 10:00,2019-06-12 10:19,N,,3.0
2019-05-04 12:44,2019-05-04 12:45,한강,N,경기도 양평군 서종면 서능리 산5-57,,2019-05-10 10:13,2019-05-23 11:07,N,,1.0
2019-05-06 16:25,2019-05-06 16:25,영산강,Y,광주광역시 서구 매월동 1,대동고등학교 앞 전평제 인근 하천(세하천),2019-05-08 15:24,2019-05-08 15:25,N,,3.0
2019-05-18 12:05,2019-05-18 12:10,한강,Y,서울특별시 강동구 상일동 511,,2019-06-12 10:12,2019-06-12 10:14,Y,,3.0
2019-05-18 12:05,2019-05-18 12:10,한강,Y,서울특별시 강동구 상일동 511,,2019-06-12 10:18,2019-06-12 10:18,N,,3.0
2019-05-18 16:00,2019-05-18 10:00,금강,Y,대전광역시 유성구 엑스포로 448 (전민동),대전하수처리장 인근,2019-05-23 10:14,2019-05-23 10:15,N,,3.0
2019-05-20 11:20,2019-05-20 11:25,낙동강,Y,대구광역시 달성군 다사읍 방천리 1-1,대구광역시 달성군 다사읍 와룡대교,2019-06-07 9:13,2019-06-07 9:14,N,,3.0
2019-05-22 11:30,2019-05-22 11:35,낙동강,Y,경상북도 경산시 자인면 단북리 293-1,,2019-06-07 9:22,2019-06-07 9:24,N,,3.0
2019-05-26 14:10,2019-05-26 17:50,낙동강,,경상남도 김해시 한림면 장방로 17,,2020-02-12 13:32,2020-02-12 13:32,Y,,3.0
2019-05-26 14:10,2019-05-26 17:50,낙동강,Y,경상남도 김해시 한림면 장방로 17,,2020-02-12 14:51,2020-02-12 15:12,N,,3.0
2019-06-17 18:00,2019-07-19 10:27,낙동강,Y,대구광역시 북구 신천 칠성교,하류방향,2019-07-19 10:36,2019-07-19 11:05,Y,,3.0
2019-06-17 18:00,2019-06-17 18:58,낙동강,Y,대구 북구 신천 칠성교,대구 북구 신천 칠성교 하류방향,2019-11-07 11:16,2019-11-07 13:07,N,,3.0
2019-06-20 9:38,2019-11-07 11:20,금강,,대전시 대덕구 대화동 둔산대교,갑천~금강 합류지점(8km),2019-11-07 11:27,2019-11-07 11:27,Y,,3.0
2019-06-20 9:38,2019-06-20 10:40,금강,Y,대전시 대덕구 대화동 둔산대교,갑천~금강 합류지점(8km),2019-11-07 13:03,2019-11-07 13:07,N,,3.0
2019-06-24 16:00,2019-06-24 16:00,영산강,Y,전라남도 나주시 노안면 영평리 474,전라남도 나주시 노안면 용평리 노안2호제,2019-07-26 10:26,2019-07-26 10:29,N,,3.0
2019-07-08 8:40,2019-07-08 15:30,영산강,Y,전라남도 장성군 삼계면 주산리 696-5,,2019-07-11 13:18,2019-07-11 13:21,N,,1.0
2019-07-15 19:40,2019-07-17 13:10,금강,Y,충청남도 당진시 석문면 통정리 1414,,2019-07-26 10:53,2019-07-26 10:54,N,,1.0
2019-07-16 11:50,2019-07-30 9:55,낙동강,Y,경상남도 김해시 대동면 덕산리 240-1,,2019-07-30 9:57,2019-07-30 9:58,Y,,3.0
2019-07-16 11:50,2019-07-16 11:50,낙동강,Y,경상남도 김해시 대동면 덕산리 240-1,,2019-07-30 10:01,2019-07-30 10:02,N,,3.0
2019-07-18 15:30,2019-07-18 16:00,낙동강,Y,경상북도 성주군 성주읍 성산리 97,성주종합농기계,2019-08-01 10:14,2019-08-01 10:17,N,,3.0
2019-07-20 16:45,2019-07-20 17:00,영산강,Y,전라남도 장성군 황룡면 월평리 344-2,,2019-07-29 9:25,2019-07-29 9:26,N,,3.0
2019-07-24 9:10,2019-07-24 9:10,금강,Y,충청북도 옥천군 청산면 대덕길 171,,2019-07-29 9:49,2019-07-29 9:50,N,,1.0
2019-08-07 16:20,2019-08-08 9:20,낙동강,Y,경상북도 영천시 북안면 유하리 50,에니스환경건설,2019-10-01 9:55,2019-10-01 9:56,N,,3.0
2019-08-13 9:06,2019-08-13 9:06,한강,Y,경기도 용인시 처인구 중부대로 1022-1 (삼가동),AJ토탈(주) 처인냉장,2020-01-15 9:43,2020-01-15 9:46,N,,3.0
2019-08-22 10:30,2019-08-22 11:00,낙동강,Y,대구광역시 수성구 시지동 249-8,대구광역시 수성구 가천천,2019-10-01 9:40,2019-10-01 9:42,N,,3.0
2019-08-28 13:00,2019-08-28 13:00,영산강,Y,풍영정천,광주광역시 광산구 풍영정천,2019-09-25 9:36,2019-09-25 10:07,N,,3.0
2019-08-30 23:47,2019-08-31 12:27,한강,Y,충청북도 충주시 주덕읍 당우리 797-2,실제 사고 지점은 769-4번지 부근 하천,2020-02-12 14:01,2020-02-12 14:14,N,,3.0
2019-09-19 16:48,2019-09-19 16:48,영산강,Y,전라남도 해남군 북일면 신월리 1-1,,2019-10-04 9:21,2019-10-04 9:23,N,,3.0
2019-09-27 12:42,2019-09-27 15:37,한강,Y,경기도 시흥시 정왕동 1392-2,,2020-02-12 13:42,2020-02-12 13:53,N,,3.0
2019-10-19 9:15,2019-10-19 13:00,낙동강,Y,경상북도 영천시 금호읍 덕성리 65-4,,2019-11-11 9:43,2019-11-11 9:48,N,,3.0
2019-11-02 13:16,2019-11-03 16:00,낙동강,Y,경상남도 양산시 물금읍 원동로 199-134,,2019-11-13 17:35,2019-11-13 17:38,N,,3.0
2019-11-13 10:30,2019-11-13 13:00,낙동강,Y,경상북도 칠곡군 왜관읍 석전리 872,,2019-11-26 15:38,2020-02-12 13:20,N,,1.0
2019-11-13 13:40,2019-11-13 14:30,금강,Y,세종특별자치시 장군면 금암리 595-1,금강 본류,2019-12-09 15:22,2019-12-09 15:27,N,,3.0
2019-12-12 15:20,2019-12-12 15:20,영산강,Y,전라북도 익산시 금강동 1214,,2020-01-03 15:53,2020-01-03 15:56,N,,3.0
2019-12-16 11:00,2019-12-16 11:00,영산강,Y,전라북도 익산시 망성면 화산리 1427-5,,2020-01-03 15:45,2020-01-16 17:31,N,,3.0
2020-01-28 11:10,2020-02-03 14:23,금강,,충청남도 공주시 중동 152,,2020-02-03 14:25,2020-02-03 14:25,Y,,3.0
2020-01-28 11:10,2020-01-28 12:10,금강,Y,충청남도 공주시 중동 152,,2020-02-03 14:27,2020-02-03 14:29,N,,3.0
2020-02-07 16:40,2020-02-07 17:44,한강,Y,경기도 김포시 운양동 1024,,2020-02-17 16:50,2020-02-17 16:56,N,,3.0
2020-02-10 13:00,2020-02-11 15:15,낙동강,Y,대구광역시 달성군 논공읍 삼리리 297-1,,2020-03-03 14:07,2020-03-03 14:10,N,,3.0
2020-02-11 13:00,2020-02-11 15:15,낙동강,,대구광역시 달성군 논공읍 삼리리 297-1,,2020-03-03 13:33,2020-03-03 13:33,Y,,3.0
2020-02-12 10:03,2020-02-12 10:03,낙동강,,경상남도 김해시 한림면 장방로 17,,2020-02-12 10:09,2020-02-12 10:09,Y,,3.0
2020-02-14 10:50,2020-02-14 14:00,낙동강,Y,경상남도 김해시 주촌면 내삼리 1282,,2020-03-03 14:18,2020-03-03 14:25,N,,3.0
2020-03-03 7:40,2020-03-03 7:59,한강,Y,경기도 평택시 청북읍 한산리 27-6,,2020-03-11 9:26,2020-03-11 9:26,Y,,3.0
2020-03-03 7:40,2020-03-03 9:14,한강,Y,경기도 평택시 청북읍 한산리 27-6,,2020-03-11 9:43,2020-03-11 9:46,N,,3.0
2020-03-11 14:30,2020-03-11 18:30,낙동강,,경상북도 성주군 수륜면 신파리 707,,2020-03-20 9:59,2020-03-20 9:59,Y,,3.0
2020-03-11 14:30,2020-03-11 18:30,낙동강,Y,경상북도 성주군 수륜면 신파리 707,,2020-03-20 10:07,2020-03-20 10:14,N,,3.0
2020-03-12 9:38,2020-03-12 12:45,한강,Y,경기도 여주시 대신면 옥촌리 106-1,,2020-04-02 13:32,2020-04-02 13:40,Y,,3.0
2020-03-12 9:38,2020-03-12 13:00,한강,Y,경기도 여주시 대신면 옥촌리 106-1,,2020-04-02 14:05,2020-04-02 14:13,N,,3.0
2020-03-13 17:40,2020-03-13 22:20,낙동강,Y,경상북도 성주군 선남면 문방1길 102,,2020-03-27 15:53,2020-03-27 16:04,N,,3.0
2020-03-14 16:00,2020-03-14 19:40,한강,Y,경기도 남양주시 조안면 북한강로 876,,2020-04-02 13:48,2020-04-02 14:01,N,,3.0
2020-03-20 10:03,2020-03-20 10:03,낙동강,,경상북도 성주군 수륜면 계정리 707,,2020-03-20 10:05,2020-03-20 10:05,Y,,3.0
2020-04-07 9:00,2020-04-09 14:40,영산강,Y,전라남도 나주시 봉황면 만봉리 산 185-1,인근 만봉저수지,2020-06-09 10:55,2020-06-09 11:03,Y,,3.0
2020-04-07 9:30,2020-04-07 15:50,한강,Y,경기도 남양주시 진건읍 송능리 224-4,,2020-05-04 10:13,2020-05-04 10:20,N,,3.0
2020-04-08 9:00,2020-04-08 16:30,영산강,,전라남도 나주시 노안면 계림리 1273,,2020-05-04 10:52,2020-05-04 10:52,Y,,3.0
2020-04-08 9:00,2020-04-08 16:30,영산강,Y,전라남도 나주시 노안면 계림리 1273,,2020-05-04 11:02,2020-05-04 11:07,N,,3.0
2020-04-08 11:20,2020-04-08 16:09,한강,Y,경기도 연천군 백학면 백학산단길 161,,2020-05-04 10:30,2020-05-19 16:14,N,,3.0
2020-04-09 14:00,2020-04-09 14:40,영산강,Y,전라남도 나주시 봉황면 만봉리 산 185-1,인근 만봉저수지,2020-06-15 14:55,2020-06-15 15:02,N,,3.0
2020-04-21 9:21,2020-04-21 10:30,영산강,Y,광주광역시 광산구 오선동 272,,2020-05-12 10:05,2020-05-12 10:11,N,,3.0
2020-05-01 17:00,2020-05-02 9:50,금강,Y,충청남도 천안시 서북구 성환읍 송덕리 27-8,,2020-05-12 10:14,2020-05-12 10:19,N,,3.0
2020-05-04 14:30,2020-05-04 17:00,낙동강,Y,경상북도 청송군 부남면 아방실길 123,,2020-05-19 15:51,2020-05-19 16:06,N,,3.0
2020-05-07 10:30,2020-05-07 12:40,한강,Y,경기도 김포시 통진읍 옹정리 61-15,,2020-05-19 15:56,2020-05-19 16:01,N,,3.0
2020-05-08 13:00,2020-05-08 17:00,낙동강,Y,경상북도 경산시 자인면 중촌천북길 10,,2020-05-19 15:52,2020-05-19 16:11,N,,3.0
2020-06-07 15:31,2020-06-07 15:37,한강,Y,경기도 용인시 처인구 모현읍 일산리 671,인근 경안천,2020-06-24 11:09,2020-06-25 10:47,N,,3.0
2020-06-09 1:00,2020-06-09 10:45,낙동강,Y,경상북도 문경시 영순면 산남로 50,,2020-07-23 16:17,2020-07-23 16:25,N,,3.0
2020-06-18 13:35,2020-06-18 15:30,낙동강,Y,경상북도 고령군 성산면 삼대리 601,고령교,2020-07-23 16:28,2020-07-23 16:52,N,,3.0
2020-06-22 13:30,2020-06-22 17:00,영산강,Y,광주광역시 남구 승촌동 495-4,승촌보~평동천 합류부,2020-07-31 16:45,2020-07-31 17:12,N,,3.0
2020-06-29 14:45,2020-06-30 9:30,낙동강,,경상남도 창녕군 유어면 미구리 588,폐바지선 위치 지점,2020-07-23 17:06,2020-07-23 17:06,Y,,3.0
2020-06-29 14:45,2020-06-30 9:30,낙동강,Y,경상남도 창녕군 유어면 미구리 588,인근 폐바지선 위치 지점,2020-07-23 17:19,2020-07-23 17:20,N,,1.0
2020-07-14 16:30,2020-07-14 16:30,영산강,Y,전라남도 나주시 다시면 죽산리 122-18,죽산보 좌안 상류 100m 지점 계류장,2020-08-10 15:42,2020-08-10 15:47,N,,1.0
2020-07-18 13:13,2020-07-18 13:53,한강,,경기도 의왕시 고천동 332-27,,2020-08-10 15:53,2020-08-10 15:53,Y,,3.0
2020-07-18 13:13,2020-07-18 13:29,한강,Y,경기도 의왕시 고천동 332-27,,2020-08-10 15:57,2020-08-10 16:02,N,,3.0
2020-07-24 10:00,2020-07-24 13:10,한강,Y,인천광역시 서구 경서동 124-145,공촌천,2020-08-18 9:54,2020-08-18 16:31,N,,3.0
2020-08-03 12:30,2020-08-03 16:00,낙동강,Y,경상북도 영천시 고경면 삼포리 801-1,고경면 상계로 194,2020-08-25 14:28,2020-08-25 15:55,N,,3.0
2020-08-05 10:45,2020-08-05 10:45,영산강,Y,광주광역시 광산구 운남동 529-9,,2020-08-25 14:35,2020-08-25 15:58,N,,3.0
2020-08-08 14:30,2020-08-08 14:30,영산강,Y,광주광역시 서구 눌재로 267 (서창동),,2020-09-02 15:23,2020-09-02 15:28,N,,3.0
2020-08-09 8:20,2020-08-09 8:20,영산강,Y,전라남도 구례군 구례읍 봉동리 233-1,"구례읍, 문척면, 토지면, 마산면 등 여러 곳에서 발생",2020-08-25 14:43,2020-10-07 17:16,N,,3.0
2020-08-10 10:25,2020-08-10 11:00,금강,Y,충청북도 청주시 서원구 현도면 노산리 389,,2020-08-25 14:23,2020-08-25 15:51,N,,3.0
2020-08-12 11:38,2020-08-12 13:55,낙동강,Y,경상남도 김해시 상동면 상동로 389,동영부르켐(주),2020-09-02 15:31,2020-09-02 15:40,N,,3.0
2020-09-20 3:00,2020-09-20 13:21,영산강,Y,전라남도 화순군 동면 넘은골길 142,구암농장,2020-10-19 15:52,2020-10-19 16:06,N,,3.0
2020-09-22 15:00,2020-09-23 9:00,영산강,,전라남도 담양군 금성면 덕성리 323-1,,2020-10-30 10:00,2020-10-30 10:00,Y,,3.0
2020-09-26 20:10,2020-09-26 23:00,낙동강,Y,경상북도 구미시 선기동 458-1,,2020-10-13 15:47,2020-10-13 15:54,N,,3.0
2020-09-28 17:35,2020-09-28 19:26,금강,Y,충청남도 당진시 신평면 초대리 747-2,돈사(새내농장),2020-10-12 17:43,2020-10-13 15:41,N,,3.0
2020-10-11 9:40,2020-10-12 9:10,영산강,Y,전라남도 담양군 무정면 수문동길 17,(주)팜스코리아,2020-11-02 15:40,2020-11-02 15:50,N,,3.0
2020-11-04 7:40,2020-11-04 9:10,영산강,Y,전라남도 담양군 봉산면 제월길 216-38,한라엔컴담양사업소,2020-12-07 10:45,2020-12-09 17:34,N,,3.0
2020-12-15 9:20,2020-12-15 11:11,한강,,경기도 하남시 서하남로47번길 193-19 (감북동),,2021-01-07 9:54,2021-01-07 9:54,Y,,3.0
2020-12-15 9:20,2020-12-15 11:23,한강,Y,경기도 하남시 서하남로47번길 193-19 (감북동),,2021-01-07 10:15,2021-01-07 10:22,N,,3.0
2020-12-23 15:30,2020-12-24 10:09,금강,Y,충청남도 논산시 성동면 개척리 115-14,,2021-01-06 16:29,2021-01-06 16:37,N,,3.0
2020-12-27 10:00,2020-12-27 23:31,금강,Y,충청북도 청주시 흥덕구 강내면 서부로 344,태성주유소,2021-01-07 9:57,2021-01-07 10:32,N,,3.0
2021-01-05 3:27,2021-01-07 11:00,낙동강,N,경상남도 김해시 상동면 소락로 154,한국RPF,2021-12-14 16:57,2021-12-22 9:55,N,,3.0
2021-01-10 13:06,2021-01-10 13:06,한강,N,경기도 고양시 일산서구 법곳동 740-5,,2021-12-16 15:30,2021-12-17 16:13,N,,3.0
2021-01-12 15:30,2021-01-12 15:30,영산강,Y,광주광역시 서구 눌재로 267 (서창동),,2021-03-18 17:33,2021-03-18 17:47,N,,3.0
2021-01-15 10:16,2021-01-16 9:00,한강,Y,강원도 영월군 한반도면 후탄리 산 128,인근 쌍용천,2021-03-19 15:51,2021-03-19 16:07,N,,3.0
2021-01-22 13:00,2021-01-22 14:04,영산강,Y,전라북도 남원시 이백면 양가리 690-2,,2021-03-18 17:54,2021-03-18 18:00,N,,3.0
2021-01-22 15:00,2021-12-16 15:30,한강,,경기도 이천시 대월면 도리리 504,,2021-12-16 15:32,2021-12-16 15:32,Y,,3.0
2021-01-22 15:00,2021-01-22 15:00,한강,N,경기도 이천시 대월면 도리리 504,,2021-12-16 15:33,2021-12-17 16:13,N,,3.0
2021-01-24 13:00,2021-01-24 14:53,낙동강,N,경상남도 창녕군 장마면 장마고곡로 177-52,성심마스타푸드,2021-12-15 9:44,2021-12-16 17:27,N,,3.0
2021-02-05 9:20,2021-02-05 12:00,영산강,Y,전라북도 김제시 황산면 남산리 331-1,,2021-03-18 17:17,2021-03-18 17:30,N,,3.0
2021-02-07 15:45,2021-02-07 15:45,한강,N,경기도 하남시 상산곡동 384-1,,2021-12-16 15:36,2021-12-17 16:13,N,,3.0
2021-02-12 12:15,2021-02-12 14:10,금강,Y,세종특별자치시 부강면 등곡리 620,등곡교 부근,2021-07-19 15:30,2021-07-19 15:31,Y,,3.0
2021-02-12 12:15,2021-02-12 14:10,금강,Y,세종특별자치시 부강면 등곡리 620,등곡교 부근,2021-07-19 17:42,2021-12-27 14:17,N,,3.0
2021-02-12 15:09,2021-02-12 15:09,한강,N,경기도 성남시 분당구 정자동 190-1,,2021-12-16 15:38,2021-12-17 16:14,N,,3.0
2021-02-14 21:30,2021-02-15 8:30,영산강,Y,광주광역시 광산구 도천동 357-72,인근 풍영정천(하남교~운남교),2021-03-19 11:19,2021-03-19 15:26,N,,3.0
2021-02-16 11:00,2021-02-16 11:00,영산강,Y,광주광역시 광산구 본덕동 668,인근 평동천(영산강 합류 지점 인근),2021-03-19 15:32,2021-03-19 15:35,N,,3.0
2021-02-18 11:20,2021-02-18 11:20,한강,N,인천광역시 계양구 귤현동 47-5,,2021-12-16 15:51,2021-12-17 16:14,N,,3.0
2021-02-25 1:21,2021-02-25 13:40,낙동강,N,경상남도 김해시 상동면 우계리 253-5,,2021-12-15 9:47,2021-12-17 14:26,N,,3.0
2021-02-27 15:00,2021-02-27 17:45,금강,N,"충청남도 천안시 서북구 천안천4길 20 (와촌동,천안역사 동아라이크텐)",동아라이크텐 아파트 건설현장,2021-12-16 15:58,2021-12-27 13:27,N,,3.0
2021-03-01 11:30,2021-03-01 13:40,낙동강,Y,경상남도 창녕군 대합면 합리 1182-3,,2021-07-19 15:42,2021-12-22 10:08,N,,3.0
2021-03-04 18:20,2021-03-05 10:00,낙동강,N,울산광역시 울주군 온산읍 대정리 88,(주)S-oil,2021-12-15 9:54,2021-12-22 10:41,N,,3.0
2021-03-07 11:53,2021-03-07 12:35,낙동강,N,경상남도 거창군 북상면 월성리 1066-5,,2021-12-15 10:06,2021-12-17 14:34,N,,3.0
2021-03-08 8:00,2021-03-08 11:00,낙동강,N,대구광역시 북구 동호동 516,팔거천 인근,2021-12-15 10:10,2021-12-17 14:33,N,,3.0
2021-03-10 13:40,2021-03-10 13:50,영산강,,전라북도 김제시 백산면 백산로 173-19,하빈농장,2021-12-17 17:21,2021-12-17 17:21,Y,,3.0
2021-03-10 13:40,2021-03-11 7:30,영산강,Y,전라북도 김제시 백산면 백산로 173-19,하빈농장,2021-12-17 17:27,2021-12-27 14:33,N,,3.0
2021-03-12 15:40,2021-03-12 16:30,낙동강,N,경상남도 김해시 한림면 신천리 745-4,(주)다우닝에너지,2021-12-15 10:15,2021-12-17 14:35,N,,3.0
2021-03-14 10:10,2021-03-14 10:10,한강,N,경기도 군포시 부곡동 1273,,2021-12-16 15:53,2021-12-17 16:14,N,,3.0
2021-03-15 9:30,2021-03-15 9:50,낙동강,Y,부산광역시 강서구 화전산단1로 115 (화전동),,2021-08-30 17:44,2021-12-22 10:16,N,,3.0
2021-03-18 1:52,2021-03-18 5:55,금강,N,충청남도 논산시 노성면 두사리 177-8,타코마 공장,2021-12-16 16:08,2021-12-27 13:28,N,,3.0
2021-03-20 13:10,2021-03-20 13:10,한강,N,충청북도 충주시 목행동 749-6,,2021-12-16 15:54,2021-12-17 16:14,N,,3.0
2021-03-20 14:56,2021-03-20 14:56,한강,N,경기도 하남시 초이동 443,,2021-12-16 15:55,2021-12-17 16:15,N,,3.0
2021-03-20 16:40,2021-03-21 9:00,금강,N,충청남도 금산군 제원면 금성리 476,제원중학교 주변 봉황천,2021-12-16 16:24,2021-12-27 13:29,N,,3.0
2021-03-20 22:50,2021-03-21 9:00,영산강,Y,광주광역시 남구 송하동 200-4,송암공단 내 남산석유,2021-12-17 17:45,2021-12-27 14:20,N,,3.0
2021-03-20 23:00,2021-03-21 9:00,영산강,,광주광역시 남구 송하동 200-4,송암공단 내 남산석유,2021-12-17 17:36,2021-12-17 17:36,Y,,3.0
2021-03-23 0:00,2021-03-23 0:00,한강,N,충청북도 음성군 삼성면 용성리 962,,2021-12-16 15:57,2021-12-17 16:15,N,,3.0
2021-03-26 18:43,2021-03-26 18:43,한강,N,강원도 횡성군 안흥면 상안리 538-8,,2021-12-16 15:58,2021-12-17 16:15,N,,3.0
2021-03-29 15:20,2021-03-30 9:00,금강,N,충청남도 당진시 석문면 교로리 2713,대호방조제,2021-12-16 17:27,2021-12-27 14:18,N,,3.0
2021-04-04 7:58,2021-04-04 14:34,금강,N,충청남도 아산시 둔포면 운용리 361-1,,2021-12-16 17:38,2021-12-27 13:31,N,,3.0
2021-04-06 20:30,2021-04-06 20:30,한강,N,강원도 원주시 단계동 148-25,,2021-12-16 16:35,2021-12-17 16:15,N,,3.0
2021-04-08 19:14,2021-04-08 19:33,금강,Y,세종특별자치시 전동면 깊은내길 213,,2021-09-06 16:56,2021-12-27 13:32,N,,3.0
2021-04-10 3:00,2021-04-10 13:35,낙동강,N,경상남도 양산시 어곡공단5길 39 (어곡동),화승 T&C,2021-12-15 10:20,2021-12-20 18:45,N,,3.0
2021-04-16 10:30,2021-04-16 14:00,영산강,Y,전라남도 함평군 학교면 곡창리 760-9,,2021-12-17 17:51,2021-12-27 14:20,N,,3.0
2021-04-20 11:15,2021-04-20 14:00,낙동강,N,경상남도 김해시 진영읍 본산리 303-10,,2021-12-15 10:29,2021-12-20 18:48,N,,3.0
2021-04-21 15:15,2021-04-21 17:40,금강,Y,충청북도 청주시 상당구 문의면 덕유리 196,문의대교 인근 대청호,2021-09-06 16:58,2021-12-27 13:32,N,,3.0
2021-04-22 13:00,2021-04-23 12:00,영산강,Y,전라남도 목포시 옥암동 1386,,2021-12-17 18:00,2021-12-27 14:33,N,,3.0
2021-04-23 19:30,2021-04-23 19:30,영산강,Y,전라남도 여수시 중흥동 782,삼일교 인근,2021-12-17 18:14,2021-12-27 14:34,N,,3.0
2021-04-26 14:43,2021-04-26 15:30,낙동강,Y,경상남도 김해시 상동면 동북로437번길 83-80,(주)현민산업,2021-08-30 17:50,2021-09-06 15:47,N,,3.0
2021-04-28 10:29,2021-04-28 11:40,낙동강,N,경상남도 밀양시 산외면 남기리 460-2,밀양JC 부근,2021-12-15 10:32,2021-12-17 14:52,N,,3.0
2021-04-28 19:20,2021-04-29 13:00,한강,Y,경기도 구리시 교문동 334-28,,2021-09-28 16:13,2021-12-15 15:45,N,,3.0
2021-04-29 8:40,2021-04-29 8:40,영산강,Y,광주광역시 동구 내남동 922,내지천 삼거리,2021-12-17 18:21,2021-12-27 14:33,N,,3.0
2021-04-30 13:34,2021-04-30 14:29,낙동강,Y,대구광역시 달성군 논공읍 논공중앙로45길 40,도로 위,2021-08-30 17:53,2021-09-06 15:55,N,,3.0
2021-05-02 10:55,2021-05-02 13:13,금강,N,대전광역시 대덕구 신대동 535,인근 갑천,2021-12-16 17:43,2021-12-27 13:33,N,,3.0
2021-05-04 7:15,2021-05-04 14:18,낙동강,N,경상북도 안동시 풍산읍 노리 749-15,서안동IC 톨게이트 인근,2021-12-15 10:34,2021-12-17 14:51,N,,3.0
2021-05-08 10:00,2021-05-11 21:19,낙동강,N,경상북도 봉화군 재산면 현동리 9-1,태양광시설 공사현장,2021-12-15 11:06,2021-12-17 14:53,N,,3.0
2021-05-10 9:50,2021-05-10 9:50,한강,N,인천광역시 서구 마전동 315-2,"나진포천, 마전제1세월교",2021-12-16 16:37,2021-12-17 16:16,N,,3.0
2021-05-11 16:50,2021-05-11 16:50,한강,N,경기도 하남시 초이동 545,,2021-12-16 16:39,2021-12-17 16:16,N,,3.0
2021-05-14 17:30,2021-05-15 11:00,금강,N,충청남도 천안시 서북구 부대동 254,인근 소하천,2021-12-16 17:49,2021-12-27 13:37,N,,3.0
2021-05-16 10:56,2021-05-17 10:00,금강,N,대전광역시 중구 석교동 135-1,대전천,2021-12-16 18:35,2021-12-27 13:38,N,,3.0
2021-05-19 9:00,2021-05-19 15:35,낙동강,N,경상북도 경주시 안강읍 두류길 215,경안폐차장,2021-12-15 11:12,2021-12-17 14:53,N,,3.0
2021-05-23 15:37,2021-05-23 21:15,낙동강,Y,경상북도 안동시 임하면 천전리 1084-7,임하대교 상하류 100m,2021-08-30 18:01,2021-09-06 16:10,N,,3.0
2021-05-28 12:30,2021-05-28 12:30,한강,N,경기도 양주시 만송동 330-11,"(삼숭2교, 청담천)",2021-12-16 16:41,2021-12-17 16:17,N,,3.0
2021-05-30 22:00,2021-05-31 10:00,금강,N,대전광역시 유성구 노은동 566,농수산물도매시장,2021-12-16 18:39,2021-12-27 13:38,N,,3.0
2021-06-04 11:00,2021-06-04 11:00,영산강,Y,전라남도 보성군 복내면 용동리 876-11,복내녹차버섯영농조합,2021-12-17 18:26,2021-12-17 18:28,N,,3.0
2021-06-12 17:00,2021-09-01 13:41,낙동강,,울산광역시 중구 유곡동 575,"울산광역시 중구 유곡동 575번지, 태화저수지",2021-09-01 13:45,2021-09-01 13:45,Y,,3.0
2021-06-12 17:00,2021-06-16 14:08,낙동강,Y,울산광역시 중구 유곡동 575,태화저수지,2021-09-01 13:48,2021-09-06 16:25,N,,3.0
2021-06-12 17:00,2021-06-16 14:08,낙동강,,울산광역시 중구 유곡동 575,태화저수지,2021-09-28 17:50,2021-09-28 17:50,Y,,3.0
2021-06-12 18:40,2021-06-12 20:54,낙동강,N,경상북도 구미시 산호대로33길 14 (옥계동),옥계동 684 일원,2021-12-15 11:18,2021-12-17 14:54,N,,3.0
2021-06-17 5:36,2021-06-17 15:31,한강,Y,경기도 이천시 마장면 덕평리 615,,2021-12-15 16:31,2021-12-15 16:32,N,,3.0
2021-06-18 5:58,2021-06-18 9:40,금강,N,"충청남도 계룡시 서금암5길 9 (금암동,신성2차미소지움아파트)",,2021-12-16 18:45,2021-12-27 13:39,N,,3.0
2021-06-22 9:00,2021-06-22 9:00,영산강,Y,전라북도 익산시 웅포면 칠목재로 316,,2021-12-17 18:32,2021-12-27 14:29,N,,3.0
2021-06-22 10:14,2021-06-22 10:14,한강,N,경기도 시흥시 대야동 57-5,하우고개주요소,2021-12-16 16:43,2021-12-17 16:17,N,,3.0
2021-06-22 16:30,2021-06-22 16:30,한강,N,경기도 남양주시 퇴계원읍 퇴계원리 157-5,(용암천),2021-12-16 16:44,2021-12-17 16:17,N,,3.0
2021-06-24 2:17,2021-06-24 6:00,낙동강,Y,대구광역시 달성군 논공읍 북리 1-145,화신산업,2021-09-01 13:50,2021-09-06 16:30,N,,3.0
2021-06-25 18:20,2021-06-26 8:30,영산강,Y,전라북도 김제시 백산면 대산로 17,,2021-12-17 18:37,2021-12-27 14:33,N,,3.0
2021-06-28 12:54,2021-06-28 13:40,금강,N,충청북도 청주시 흥덕구 옥산면 덕촌리 571-2,경부고속도로,2021-12-16 18:50,2021-12-27 13:40,N,,3.0
2021-07-01 18:03,2021-07-01 18:03,한강,N,충청북도 음성군 대소면 오류리 8-1,(바라㈜),2021-12-17 10:48,2021-12-17 16:18,N,,3.0
2021-07-02 6:45,2021-07-02 6:45,한강,N,경기도 남양주시 오남읍 양지리 569-1,,2021-12-17 10:50,2021-12-17 16:18,N,,3.0
2021-07-03 7:26,2021-07-03 7:26,한강,N,경기도 시흥시 정왕동 1246-5,금호화성,2021-12-17 10:54,2021-12-17 16:18,N,,3.0
2021-07-07 8:06,2021-07-07 8:06,한강,N,경기도 양주시 남면 경신리 271-22,(㈜삼양),2021-12-17 10:56,2021-12-17 16:19,N,,3.0
2021-07-08 7:50,2021-07-08 9:45,낙동강,Y,경상남도 김해시 대동면 덕산리 1108,인근 폐준설선,2021-08-06 14:35,2021-08-06 14:58,N,,3.0
2021-07-13 16:40,2021-07-13 20:10,낙동강,N,경상남도 창원시 의창구 북면 신촌리 1525-7,,2021-12-15 16:03,2021-12-17 14:54,N,,3.0
2021-07-14 15:00,2021-07-14 15:00,영산강,Y,전라남도 무안군 일로읍 복룡리 1550,복룡교,2021-12-17 18:46,2021-12-27 14:30,N,,3.0
2021-07-15 8:40,2021-07-15 10:00,낙동강,N,경상남도 밀양시 초동면 명성리 2462-1,jj환경,2021-12-15 16:20,2021-12-17 14:54,N,,3.0
2021-07-15 19:40,2021-07-15 21:30,금강,N,대전광역시 동구 대성동 280-13,인근 대전천 (하천변),2021-12-15 16:54,2021-12-27 13:41,N,,3.0
2021-07-16 3:15,2021-07-16 3:15,한강,N,충청북도 음성군 금왕읍 무극리 508-1,태광화학공업㈜,2021-12-17 11:12,2021-12-17 16:19,N,,3.0
2021-07-19 18:10,2021-07-19 18:10,한강,N,경기도 하남시 풍산동 578,(망월천),2021-12-17 11:13,2021-12-17 16:19,N,,3.0
2021-07-22 14:42,2021-07-22 14:42,한강,N,경기도 안산시 단원구 신길동 1035-1,(신길천),2021-12-17 11:16,2021-12-17 16:19,N,,3.0
2021-07-26 8:30,2021-07-26 8:40,낙동강,Y,부산광역시 강서구 대저2동 1200-17,서부산낙동강교 위,2021-09-01 14:03,2021-09-06 16:38,N,,3.0
2021-07-26 17:40,2021-07-26 17:44,금강,,대전광역시 대덕구 문평동 69-3,동양환경(폐기물처리업체),2021-09-06 17:02,2021-09-06 17:02,Y,,3.0
2021-07-26 17:40,2021-07-26 17:44,금강,Y,대전광역시 대덕구 문평동 69-3,동양환경(폐기물처리업체),2021-12-16 15:41,2021-12-27 13:42,N,,3.0
2021-08-02 12:20,2021-08-02 12:20,한강,N,인천광역시 서구 오류동 1611-4,(검단천),2021-12-17 11:17,2021-12-17 16:20,N,,3.0
2021-08-03 13:00,2021-08-03 13:00,영산강,Y,전라남도 영암군 삼호읍 나불리 289-8,,2022-01-11 10:52,2022-01-11 10:53,N,,3.0
2021-08-04 16:30,2021-08-04 16:30,한강,N,경기도 양평군 서종면 수입리 733-8,(벽계천),2021-12-17 11:19,2021-12-17 16:20,N,,3.0
2021-08-10 14:27,2021-08-10 16:25,낙동강,Y,울산광역시 울주군 청량읍 용암리 984,용암교차로,2021-09-28 17:53,2021-12-17 14:57,N,,3.0
2021-08-11 17:56,2021-12-15 16:21,낙동강,N,경상북도 안동시 도산면 서부리 172,안동댐 상류 30km 지점,2021-12-15 16:28,2021-12-15 16:29,Y,,3.0
2021-08-11 17:56,2021-08-11 17:56,낙동강,N,경상북도 안동시 도산면 서부리 172,안동댐 상류 30km 지점,2021-12-15 16:30,2021-12-17 14:57,N,,3.0
2021-08-13 13:10,2021-08-13 13:10,한강,N,경기도 연천군 백학면 두일리 690-1,(석장천),2021-12-17 11:21,2021-12-17 16:20,N,,3.0
2021-08-13 13:35,2021-08-13 14:20,낙동강,Y,대구광역시 달성군 논공읍 위천리 692,고령교 교각 위,2021-09-28 17:57,2021-12-17 14:57,N,,3.0
2021-08-16 10:20,2021-08-18 20:21,영산강,Y,전라남도 광양시 황길동 68-100,인근 도로,2021-12-17 18:54,2021-12-27 14:31,N,,3.0
2021-08-19 9:30,2021-08-20 10:37,낙동강,N,경상남도 창원시 마산회원구 양덕동 1,양덕동 412-77,2021-12-15 16:35,2021-12-17 14:56,N,,3.0
2021-08-22 6:50,2021-08-22 6:50,한강,N,경기도 시흥시 미산동 501-7,(은행천),2021-12-17 11:22,2021-12-17 16:20,N,,3.0
2021-08-22 17:10,2021-08-22 17:10,한강,N,경기도 남양주시 화도읍 금남리 814,(북한강),2021-12-17 11:24,2021-12-17 16:20,N,,3.0
2021-08-25 9:15,2021-08-25 9:15,낙동강,N,부산광역시 강서구 미음산단로 131 (구랑동),인근,2021-12-15 16:37,2021-12-17 14:56,N,,3.0
2021-08-27 15:30,2021-08-27 16:49,금강,N,충청남도 청양군 비봉면 장재리 445-3,GS칼텍스 주유소,2021-12-15 17:45,2021-12-15 17:48,N,,3.0
2021-09-01 10:00,2021-09-01 10:30,금강,Y,충청남도 아산시 선장면 궁평리 230-2,삽교천,2021-12-15 18:14,2021-12-27 13:43,N,,3.0
2021-09-02 8:00,2021-09-02 13:00,영산강,Y,전라북도 군산시 서수면 마룡리 940-2,,2021-12-17 19:04,2021-12-27 14:32,N,,3.0
2021-09-02 11:24,2021-09-02 11:24,한강,N,서울특별시 강동구 고덕동 716-4,(고덕천),2021-12-17 13:29,2021-12-17 16:21,N,,3.0
2021-09-08 7:00,2021-09-08 7:00,한강,N,충청북도 충주시 직동 622-4,정부포장건설㈜(충주천),2021-12-17 13:33,2021-12-17 16:21,N,,3.0
2021-09-08 16:30,2021-09-08 16:30,한강,Y,강원도 횡성군 강림면 부곡리 988,,2021-12-15 16:35,2021-12-15 16:38,N,,3.0
2021-09-09 8:40,2021-09-09 9:00,낙동강,N,부산광역시 강서구 지사동 134-2,동헌산업,2021-12-15 16:48,2021-12-17 14:56,N,,3.0
2021-09-09 20:51,2021-09-10 8:44,낙동강,N,경상북도 구미시 산동읍 봉산리 217,구미4국가산업단지 (주)포스코케미칼,2021-12-15 16:51,2021-12-17 14:55,N,,3.0
2021-09-10 15:00,2021-09-10 16:00,낙동강,N,울산광역시 울주군 웅촌면 고연리 952-46,(주)이앤비,2021-12-15 16:53,2021-12-17 14:55,N,,3.0
2021-09-28 14:30,2021-09-28 14:30,한강,N,경기도 하남시 풍산동 568,(망월천),2021-12-17 13:35,2021-12-17 16:21,N,,3.0
2021-09-28 23:10,2021-09-29 10:20,금강,N,충청남도 공주시 수원지공원길 23-5 (금학동),,2021-12-15 17:50,2021-12-15 17:54,N,,3.0
2021-10-07 8:00,2021-10-07 10:00,금강,N,충청북도 청주시 청원구 오창읍 화산리(華山) 386-6,세종 스티로폼 공장,2021-12-17 15:52,2021-12-27 13:47,N,,3.0
2021-10-09 13:46,2021-10-12 8:59,낙동강,N,경상남도 창녕군 유어면 세진리 232,우포늪 일대,2021-12-22 13:49,2021-12-22 13:53,N,,3.0
2021-10-12 2:50,2021-10-12 8:09,낙동강,Y,경상북도 경주시 강동면 유금리 1545-5,,2021-12-22 13:40,2021-12-22 13:46,N,,3.0
2021-10-18 11:38,2021-10-18 12:30,낙동강,N,경상남도 창녕군 대지면 용소리 1205,,2021-12-22 14:04,2021-12-22 14:07,N,,3.0
2021-10-18 16:20,2021-10-18 16:20,한강,N,경기도 남양주시 평내동 466-4,(사능천),2021-12-17 15:50,2021-12-17 16:10,N,,3.0
2021-10-22 19:00,2021-10-22 19:00,한강,N,경기도 용인시 처인구 이동읍 덕성리 1078-1,㈜우영,2021-12-17 15:52,2021-12-17 16:11,N,,3.0
2021-10-24 12:55,2021-10-24 15:10,금강,N,충청남도 홍성군 광천읍 벽계리 249-4,광천 김 특화농공단지 내,2021-12-17 15:51,2021-12-27 13:47,N,,3.0
2021-10-24 15:00,2021-10-25 10:00,금강,N,충청남도 천안시 동남구 북면 납안리 328,도촌천 50m 구간,2021-12-17 15:49,2021-12-27 13:48,N,,3.0
2021-10-26 9:10,2021-10-26 9:10,한강,,경기도 화성시 비봉면 자안리 540-7,서해안고속도로 목표방향,2021-12-17 16:05,2021-12-17 16:05,Y,,3.0
2021-10-26 9:10,2021-10-26 9:10,한강,N,경기도 화성시 비봉면 자안리 540-7,(서해안고속도로 목표방향),2021-12-17 16:08,2021-12-17 16:11,N,,3.0
2021-10-26 11:00,2021-12-17 11:00,영산강,,광주광역시 광산구 운남동 538-9,인근 배수구,2021-12-17 19:17,2021-12-17 19:17,Y,,3.0
2021-10-26 11:00,2021-10-26 11:00,영산강,Y,광주광역시 광산구 운남동 538-9,인근 배수구,2021-12-17 19:19,2021-12-27 14:32,N,,3.0
2021-11-02 9:10,2021-11-02 9:10,한강,N,경기도 양주시 만송동 248-1,(청담천),2021-12-17 16:09,2021-12-17 16:12,N,,3.0
2021-11-02 21:30,2021-11-04 17:42,금강,N,충청남도 서산시 지곡면 무장산업로 29-71,현대위아(주) 서산공장,2021-12-17 15:19,2021-12-17 15:23,N,,3.0
2021-11-07 10:00,2021-11-07 10:00,한강,Y,경기도 남양주시 진접읍 금곡리 123-12,,2021-12-15 16:40,2021-12-15 16:41,N,,3.0
2021-11-17 16:00,2021-11-18 11:00,낙동강,Y,경상북도 경주시 건천읍 용명리 713-1,새마을교(교량),2021-12-22 14:31,2021-12-22 14:39,N,,3.0
2021-11-22 20:50,2021-11-23 11:00,금강,N,충청남도 천안시 동남구 원성동 429-3,구성교 인근,2021-12-17 15:15,2021-12-17 15:22,N,,3.0
2021-12-11 12:15,2021-12-11 9:15,한강,N,경기도 수원시 권선구 금곡동 1098,(금곡천),2022-01-11 9:35,2022-01-11 9:51,N,,3.0
2021-12-15 12:32,2021-12-15 12:32,한강,N,경기도 용인시 처인구 남동 542,신기저수지,2022-01-11 9:46,2022-01-11 9:52,N,,3.0
2021-12-16 22:00,2021-12-16 22:00,한강,N,경기도 의왕시 고천동 234-7,SK대원주유소,2022-01-11 9:49,2022-01-11 9:53,N,,3.0
2021-12-18 8:35,2021-12-18 13:00,낙동강,,대구광역시 달서구 월암동 1020,,2021-12-22 14:41,2021-12-22 14:41,N,,3.0
2021-12-21 9:30,2021-12-21 9:30,한강,N,충청북도 충주시 목행동 851-1,(남한강),2022-01-11 9:50,2022-01-11 9:54,N,,3.0
2022-01-05 11:46,2022-01-06 11:00,한강,N,경기도 평택시 청북읍 고렴리 1138,고렴산업단지 내 팸스 물류센터,2022-04-04 11:09,2022-07-27 10:27,N,,3.0
2022-01-10 7:42,2022-01-10 9:30,낙동강,Y,경상북도 포항시 남구 오천읍 문덕리 1345-7,DCI 열처리,2022-02-07 14:03,2022-03-25 9:43,N,,3.0
2022-01-22 12:00,2022-01-22 12:00,영산강,Y,전라남도 함평군 함평읍 수호리 1062-1,함평천,2022-03-07 10:26,2022-03-25 9:44,N,,3.0
2022-02-03 9:10,2022-02-03 13:00,영산강,Y,전라남도 화순군 능주면 만수리 330,,2022-03-11 14:36,2022-03-25 9:44,N,,3.0
2022-02-05 23:39,2022-02-05 23:39,한강,N,경기도 이천시 호법면 매곡리 231,샘표식품 이천공장,2022-07-27 10:31,2022-07-27 10:50,N,,3.0
2022-02-23 11:45,2022-02-23 11:45,영산강,N,전라남도 나주시 노안면 학산리 949-9,전남 나주시 노안면 학산길 85(노루페인트 대리점 배수 농수로),2022-03-03 9:43,2022-03-25 9:45,N,,3.0
2022-02-24 13:40,2022-02-24 13:40,한강,N,충청북도 음성군 삼성면 하이텍산단로 70,한빛화학,2022-07-27 10:34,2022-07-27 10:51,N,,3.0
2022-02-27 15:54,2022-02-28 11:00,영산강,N,전라남도 나주시 삼도동 1309,,2022-03-04 9:37,2022-03-25 9:45,N,,3.0
2022-02-28 8:50,2022-02-28 13:34,금강,N,충청남도 공주시 반포면 봉곡리 산 1-21,법무부 치료감호소 입구 앞 우수관로(성강천 유입 지류),2022-04-04 14:19,2022-04-04 14:38,N,,3.0
2022-03-05 15:00,2022-04-15 14:11,영산강,Y,전라남도 나주시 다시면 죽산리 230-1,죽산보 우안 영산강변,2022-04-15 14:22,2022-04-15 14:24,N,,3.0
2022-03-05 15:00,2022-03-05 15:00,영산강,Y,전라남도 나주시 다시면 가운리 1,죽산보 우안 영산강변,2022-05-17 13:27,2022-05-17 13:30,N,,3.0
2022-03-10 8:00,2022-03-10 8:00,영산강,Y,전라남도 해남군 화원면 구림리 1-1,화원1저수지(장춘리762)내수면 일원,2022-05-17 11:18,2022-05-17 13:02,N,,3.0
2022-03-10 9:30,2022-03-10 9:30,한강,N,충청북도 충주시 주덕읍 당우리 671,요도천,2022-07-27 10:38,2022-07-27 10:51,N,,3.0
2022-03-12 15:00,2022-03-12 15:00,영산강,Y,전라남도 고흥군 포두면 길두리 10,해창만 내수면 일원,2022-05-17 11:10,2022-05-17 13:04,N,,3.0
2022-03-13 14:00,2022-03-13 14:00,영산강,Y,전라남도 여수시 율촌면 봉전리 947,율촌산단 내 용전천 우수로,2022-05-17 11:15,2022-05-17 13:05,N,,3.0
2022-03-13 19:00,2022-03-13 19:00,한강,N,서울특별시 영등포구 양화동 10-8,안양천 : 양화교 하류 100m 지점,2022-07-27 10:40,2022-07-27 10:52,N,,3.0
2022-03-17 8:00,2022-03-17 8:00,영산강,Y,전라남도 영광군 염산면 두우리 1,오동저수지 내수면 일원,2022-05-17 11:17,2022-05-17 13:06,N,,3.0
2022-03-17 9:00,2022-03-17 9:00,영산강,Y,전라남도 광양시 광양읍 죽림리 67-7,동광양IC 진입 후 순천방면 1km,2022-05-17 11:13,2022-05-17 13:06,N,,3.0
2022-03-22 2:00,2022-03-22 2:00,영산강,Y,전라북도 익산시 망성면 화산리 1650-4,비닐하우스 내 저장탱크,2022-06-14 13:39,2022-06-14 14:11,N,,3.0
2022-03-30 10:00,2022-03-30 10:00,영산강,Y,전라북도 완주군 경천면 가천리 1,구정교 부근(석탑천),2022-06-14 14:01,2022-06-14 14:13,N,,3.0
2022-04-10 16:00,2022-04-10 16:00,금강,N,충청남도 공주시 산성동 193-41,제민천,2022-07-26 10:13,2022-07-27 10:20,N,,3.0
2022-04-14 7:19,2022-04-14 7:19,낙동강,Y,경상북도 칠곡군 약목면 무림리 801-3,CMCT마인,2022-06-14 14:09,2022-06-14 14:14,N,,3.0
2022-04-15 17:45,2022-04-15 17:45,영산강,Y,전라남도 고흥군 대서면 안남리 2003,안남천 일대,2022-06-14 14:04,2022-06-14 14:17,N,,3.0
2022-04-20 9:20,2022-04-20 9:20,영산강,Y,전라남도 고흥군 동강면 오월리 1-1,내대저수지 일대,2022-06-14 14:06,2022-06-14 14:17,N,,3.0
2022-04-28 10:30,2022-04-28 13:00,영산강,Y,광주광역시 남구 승촌보길 90 (승촌동),승촌보 ~ 승용교 구간,2022-06-15 11:15,2022-06-15 11:16,N,,3.0
2022-04-29 17:10,2022-04-29 17:10,한강,Y,경기도 화성시 정남면 괘랑3길 5,각곡천,2022-05-17 11:21,2022-05-17 13:07,N,,3.0
2022-05-04 9:30,2022-05-04 9:30,영산강,Y,전라남도 나주시 다시면 죽산리 246-1,죽산보(구하도),2022-06-21 15:10,2022-06-21 15:19,N,,3.0
2022-05-05 21:00,2022-05-05 21:00,낙동강,N,경상북도 칠곡군 가산면 송학6길 20-18,㈜대원에비텍,2022-07-26 9:58,2022-07-26 10:07,N,,3.0
2022-05-13 16:00,2022-05-13 16:00,금강,N,충청남도 아산시 영인면 구성리 881-1,(제민천),2022-07-26 10:15,2022-07-27 10:20,N,,3.0
2022-05-19 20:51,2022-05-19 20:51,낙동강,N,울산광역시 울주군 온산읍 대정리 88,㈜S-oil,2022-07-26 10:00,2022-07-26 10:08,N,,3.0
2022-05-23 11:40,2022-05-23 11:40,한강,N,경기도 이천시 마장면 이평리 293-78,크리스 F&C 물류센터,2022-07-27 10:42,2022-07-27 10:53,N,,3.0
2022-06-01 17:00,2022-06-01 17:00,낙동강,N,경상북도 칠곡군 가산면 송신로 282-7,부건산업,2022-07-26 10:02,2022-07-26 10:09,N,,3.0
2022-06-03 11:00,2022-06-03 11:00,영산강,Y,광주광역시 남구 승촌동 495-4,승촌보 일원(승촌보~서창교 구간),2022-06-29 14:04,2022-06-29 14:05,N,,3.0
2022-06-07 8:30,2022-06-07 8:30,영산강,Y,전라남도 영광군 군서면 만곡리 744-25,군서천 저류지 인근,2022-06-27 17:22,2022-06-27 17:23,N,,3.0
2022-06-09 7:30,2022-06-09 7:30,영산강,Y,광주광역시 광산구 하남동 827,,2022-06-29 14:08,2022-06-29 14:08,N,,3.0
2022-06-10 19:57,2022-06-10 19:57,금강,N,충청남도 천안시 동남구 성남면 용원리 156-4,천안 고속도로,2022-07-26 10:17,2022-07-27 10:19,N,,3.0
2022-06-14 6:40,2022-06-14 6:40,낙동강,N,경상북도 영주시 안정면 묵리 201-2,도솔농장,2022-07-26 10:04,2022-07-26 10:10,N,,3.0
2022-06-14 17:30,2022-06-14 17:30,낙동강,N,울산광역시 울주군 온산읍 온산로 68,㈜S-oil,2022-07-26 10:05,2022-07-26 10:10,N,,3.0
2022-06-16 17:00,2022-06-16 17:00,한강,N,경기도 평택시 포승읍 원정리 1197,인근 포승공단 배수로,2022-07-27 10:46,2022-07-27 10:53,N,,3.0
2022-06-17 13:40,2022-06-17 13:40,금강,N,세종특별자치시 집현동 785-555,삼성천,2022-07-26 10:18,2022-07-26 10:21,N,,3.0
2022-06-18 6:00,2022-06-18 6:00,한강,N,경기도 포천시 가산면 시우동길 27,㈜워싱라인,2022-07-27 10:49,2022-07-27 10:54,N,,3.0
2022-06-21 10:00,2022-06-21 10:00,낙동강,N,대구광역시 북구 국우동 369,정지 저수지,2022-07-26 10:06,2022-07-26 10:11,N,,3.0
2022-06-30 8:30,2022-06-30 8:30,영산강,Y,광주광역시 북구 신안동 1-1,신안교~우운교(기아챔피언스필드) 일원,2022-12-27 17:20,2022-12-27 17:21,N,,3.0
2022-06-30 15:00,2022-06-30 15:00,영산강,Y,전라남도 나주시 왕곡면 신포리 100,신포제 저수지,2022-12-27 17:23,2022-12-27 17:23,N,,3.0
2022-06-30 17:30,2022-06-30 17:30,영산강,,광주광역시 북구 임동 1-1,,2022-10-13 17:32,2022-10-13 17:32,Y,,3.0
2022-06-30 17:32,2022-06-30 17:32,영산강,,전라남도 나주시 왕곡면 덕산리 119-4,,2022-10-13 17:33,2022-10-13 17:33,Y,,3.0
2022-07-01 0:00,2022-07-01 0:00,금강,N,충청남도 서천군 장항읍 화천리 5,,2022-10-13 16:53,2022-10-14 9:07,N,,3.0
2022-07-02 13:00,2022-07-02 13:00,낙동강,,경상북도 성주군 선남면 오도리 102,㈜그린환경,2022-10-13 14:23,2022-10-13 14:23,Y,,3.0
2022-07-02 13:00,2022-07-02 13:00,낙동강,N,경상북도 성주군 선남면 오도리 102,㈜그린환경,2022-10-13 14:40,2022-10-13 15:11,N,,3.0
2022-07-04 11:00,2022-07-04 11:00,낙동강,N,경상북도 청송군 진보면 이촌리 416-1,송하지,2022-10-13 14:25,2022-10-13 15:12,N,,3.0
2022-07-11 13:10,2022-07-11 13:10,낙동강,N,경상남도 함안군 가야읍 사내리 984,필동소류지,2022-10-13 14:58,2022-10-13 15:14,N,,3.0
2022-07-12 17:33,2022-07-12 17:33,영산강,,전라남도 영광군 군서면 가사리 1-1,,2022-10-13 17:34,2022-10-13 17:34,Y,,3.0
2022-07-12 18:00,2022-07-12 18:00,영산강,Y,전라남도 영광군 군서면 만곡리 744-26,영광군 군서천 보 일원,2022-12-28 14:51,2022-12-28 14:53,N,,3.0
2022-07-19 11:00,2022-07-19 11:00,영산강,Y,전라남도 여수시 돌산읍 평사리 1478-5,인근 하천,2022-12-28 14:44,2022-12-28 14:47,N,,3.0
2022-07-19 16:00,2022-07-19 16:00,낙동강,Y,경상남도 진주시 충무공동 10,에나교 부근,2022-08-10 16:19,2022-08-10 16:55,N,,3.0
2022-07-19 16:05,2022-07-19 16:05,한강,N,경기도 평택시 산단로16번길 62 (모곡동),동인화학㈜,2023-01-09 10:22,2023-01-09 10:43,N,,3.0
2022-07-19 17:26,2022-07-19 17:26,한강,,경기도 평택시 모곡동 1-1,,2022-10-13 17:27,2022-10-13 17:27,Y,,3.0
2022-07-20 9:30,2022-07-20 9:30,금강,N,충청북도 옥천군 청산면 장위리 700,농지 인접 농수로,2022-10-13 17:09,2022-10-14 9:07,N,,3.0
2022-07-20 17:34,2022-07-20 17:34,영산강,,전라남도 여수시 돌산읍 군내리 1,,2022-10-13 17:34,2022-10-13 17:34,Y,,3.0
2022-07-20 17:50,2022-07-20 17:50,금강,N,충청남도 계룡시 두마면 두계리 1,팥거리로 144(두계천),2022-10-13 16:57,2022-10-14 9:07,N,,3.0
2022-07-21 14:50,2022-07-21 14:50,한강,N,경기도 시흥시 정왕동 2799,옥구천 하류(옥구 11교),2023-01-13 9:48,2023-01-13 9:51,N,,3.0
2022-07-21 17:25,2022-07-21 17:25,한강,,경기도 시흥시 정왕동 1,,2022-10-13 17:26,2022-10-13 17:26,Y,,3.0
2022-07-24 16:00,2022-07-24 16:00,낙동강,N,경상북도 포항시 북구 신광면 호리 1,용연저수지,2022-10-13 15:02,2022-10-13 15:15,N,,3.0
2022-07-27 4:00,2022-07-27 4:00,금강,N,충청남도 천안시 서북구 직산읍 군동리 6-4,,2022-10-13 16:59,2022-10-14 9:07,N,,3.0
2022-07-28 19:29,2022-07-28 19:29,,,제주특별자치도 제주시 이도일동 1692-2,,2022-07-28 19:29,2022-07-28 19:29,Y,,
2022-08-04 10:00,2022-08-04 10:00,한강,N,경기도 시흥시 정왕동 1392-2,옥구5교,2023-01-09 10:24,2023-01-09 10:44,N,,3.0
2022-08-04 17:24,2022-08-04 17:24,한강,,경기도 시흥시 정왕동 1,,2022-10-13 17:25,2022-10-13 17:25,Y,,3.0
2022-08-08 15:10,2022-08-08 15:10,금강,N,충청남도 서천군 기산면 광암리 1,한산농협주유소,2022-10-13 17:10,2022-10-14 9:06,N,,3.0
2022-08-09 8:00,2022-08-09 8:00,금강,N,충청남도 서산시 지곡면 대요리 1,현대트랜시스,2022-10-13 17:11,2022-10-14 9:06,N,,3.0
2022-08-11 16:00,2022-08-11 16:00,낙동강,N,경상남도 김해시 상동면 매리 607-50,동아리프렉,2022-10-13 15:09,2022-10-13 15:16,N,,3.0
2022-08-16 7:00,2022-08-16 7:00,한강,Y,경기도 연천군 연천읍 읍내리 236,차탄천,2022-08-29 10:48,2022-08-29 10:50,N,,3.0
2022-08-29 5:45,2022-08-29 5:45,금강,Y,대전광역시 대덕구 평촌동 1,558-1,2022-08-31 9:28,2022-08-31 9:28,N,,3.0
2022-08-29 13:00,2022-08-29 13:00,영산강,Y,전라북도 완주군 소양면 원암로 46,전북체육고등학교,2022-12-28 15:35,2022-12-28 15:37,N,,3.0
2022-08-29 17:29,2022-08-29 17:29,영산강,Y,전라남도 영암군 삼호읍 난전리 1709-7,,2022-12-28 15:06,2022-12-28 15:08,N,,3.0
2022-08-29 17:34,2022-08-29 17:34,영산강,,전라북도 완주군 소양면 대흥리 1,,2022-10-13 17:35,2022-10-13 17:35,Y,,3.0
2022-08-30 17:35,2022-08-30 17:35,영산강,,전라남도 영암군 삼호읍 나불리 1,,2022-10-13 17:36,2022-10-13 17:36,Y,,3.0
2022-09-01 10:10,2022-09-01 10:10,금강,N,충청북도 음성군 대소면 대풍리 6-12,서보산업,2022-10-13 17:13,2022-10-14 9:06,N,,3.0
2022-09-20 13:30,2022-09-20 13:30,금강,N,충청남도 천안시 서북구 직산읍 부송리 1,엘지석유,2022-10-13 17:15,2022-10-14 9:05,N,,3.0
2022-09-27 10:30,2022-09-27 10:30,영산강,Y,광주광역시 광산구 선암동 213-6,우수관거 일원,2022-12-28 14:13,2022-12-28 14:17,N,,3.0
2022-10-05 16:40,2022-10-05 16:40,금강,N,충청남도 청양군 정산면 대박리 611,,2023-01-09 11:15,2023-01-10 11:12,N,,3.0
2022-10-21 18:10,2022-10-21 18:10,영산강,Y,광주광역시 광산구 도천동 624-1,하남3교,2022-12-27 15:34,2022-12-27 16:17,N,,3.0
2022-10-25 20:00,2022-10-25 20:00,낙동강,N,대구광역시 북구 매천로18길 34 (매천동),매천시장,2023-01-09 10:55,2023-01-09 11:10,N,,3.0
2022-11-02 5:00,2022-11-02 5:00,한강,N,강원도 춘천시 후평동 668-13,후평중계펌프장 앞 삼거리,2023-01-09 10:28,2023-01-09 10:48,N,,3.0
2022-11-06 13:00,2022-11-06 13:00,영산강,Y,전라북도 남원시 운봉읍 가산리 956,-,2022-12-27 16:50,2022-12-27 16:55,N,,3.0
2022-11-09 10:20,2022-11-09 10:20,영산강,Y,광주광역시 북구 오룡동 55-3,첨단대교,2022-12-27 16:20,2022-12-27 16:45,N,,3.0
2022-11-15 11:15,2022-11-15 11:15,금강,N,대전광역시 유성구 관평동 1,관평천,2023-01-09 11:20,2023-01-10 11:11,N,,3.0
2022-11-15 13:30,2022-11-15 13:30,금강,N,충청남도 천안시 서북구 성환읍 성환리 567,,2023-01-09 13:24,2023-01-10 11:11,N,,3.0
2022-11-23 11:30,2022-11-23 11:30,금강,Y,충청남도 공주시 계룡면 화은리 886-18,혈초천,2022-12-06 9:53,2022-12-06 9:54,N,,3.0
2022-11-26 22:57,2022-11-26 22:57,한강,N,경기도 화성시 남양읍 온석리 216,,2023-01-09 10:31,2023-01-09 10:48,N,,3.0
2022-11-30 12:00,2022-11-30 12:00,금강,Y,충청남도 보령시 화산동 54-2,,2022-12-06 10:00,2022-12-06 10:02,N,,3.0
2022-12-01 15:00,2022-12-01 15:00,낙동강,Y,경상남도 하동군 옥종면 북방리 1-1,불무소류지,2022-12-26 14:23,2022-12-26 14:25,N,,3.0
2022-12-01 15:00,2022-12-01 15:00,영산강,Y,경상남도 하동군 옥종면 북방리 829-2,불무소류지,2022-12-27 14:56,2022-12-27 17:04,N,,3.0
2022-12-06 10:00,2022-12-06 10:00,한강,N,강원도 고성군 죽왕면 오봉리 1-1,송지호(남단부) 일원,2023-01-09 10:36,2023-01-09 10:49,N,,3.0
2022-12-07 0:56,2022-12-07 0:56,낙동강,N,대구광역시 달서구 성서공단로 94 (월암동),㈜한성피앤아이 2공장,2023-01-09 11:02,2023-01-09 11:11,N,,3.0
2022-12-10 5:35,2022-12-10 5:35,영산강,Y,전라북도 진안군 안천면 안용로 539,-,2022-12-27 17:00,2022-12-27 17:01,N,,3.0
2022-12-14 17:00,2022-12-14 17:04,금강,N,충청남도 부여군 양화면 벽용리 192-3,,2023-01-09 13:26,2023-01-09 13:35,N,,3.0
2022-12-18 17:10,2022-12-18 17:10,낙동강,N,경상북도 경산시 남천면 산전길 25,동림석유산업,2023-01-09 11:06,2023-01-09 11:12,N,,3.0
2022-12-19 19:40,2022-12-19 19:40,낙동강,N,경상북도 경산시 진량읍 두인길 9,호경산업,2023-01-09 11:08,2023-01-09 11:12,N,,3.0
2022-12-28 12:00,2022-12-28 12:00,금강,,충청남도 보령시 화산동 54-2,,2022-12-06 9:59,2022-12-06 9:59,Y,,3.0
2023-01-01 8:43,2023-01-01 8:43,금강,N,전라북도 익산시 용안면 함열로 291-89,,2023-04-17 9:21,2023-04-18 9:12,N,,3.0
2023-01-01 19:20,2023-01-01 19:20,한강,N,경기도 평택시 경기대로 1081 (장당동),광동제약,2023-04-11 17:43,2023-04-12 10:36,N,,3.0
2023-01-02 9:30,2023-01-02 9:30,영산강,Y,전라북도 익산시 용안면 함열로 291-89,,2024-01-17 11:10,2024-01-17 11:14,N,,3.0
2023-01-03 9:00,2023-01-03 9:00,영산강,Y,전라북도 임실군 임실읍 이도리 100,수정교 일대,2023-07-24 15:18,2023-07-25 16:47,N,,3.0
2023-01-08 8:40,2023-01-08 8:40,금강,N,충청남도 태안군 원북면 대기리 1,한국서부발전 태안화력발전소,2023-04-17 10:18,2023-04-18 9:10,N,,3.0
2023-01-10 17:30,2023-01-10 17:30,영산강,Y,전라남도 나주시 세지면 오봉리 산 3-1,오봉제,2023-07-20 20:16,2023-07-25 16:47,N,,3.0
2023-01-16 14:00,2023-01-17 14:14,낙동강,Y,부산광역시 기장군 정관읍 달산리 산 1-1,좌광천 용산교 일대,2023-02-21 15:17,2023-02-21 15:21,N,,3.0
2023-01-20 9:10,2023-01-20 9:10,한강,N,서울특별시 강남구 양재대로 478 (개포동),구룡마을 4지구,2023-04-11 17:44,2023-04-12 10:37,N,,3.0
2023-01-29 16:40,2023-01-29 16:40,낙동강,Y,경상남도 창원시 의창구 대산면 갈전리 1133-1,경상남도 창원시 의창구 대산면 갈전리 1133-1,2023-02-16 9:06,2023-02-16 9:18,N,,3.0
2023-02-01 10:00,2023-02-01 10:23,낙동강,Y,경상남도 산청군 금서면 화계리 산 80,경상남도 산청군 금서면 화계리 산 80,2023-02-16 9:33,2023-02-16 9:37,N,,3.0
2023-02-02 0:09,2023-02-02 0:09,낙동강,N,경상북도 경주시 덕동 1-1,덕동호 둘레길,2023-04-11 17:19,2023-04-11 17:31,N,,3.0
2023-02-02 9:30,2023-02-02 9:30,한강,N,경기도 포천시 소흘읍 이동교리 781-42,포천천,2023-04-11 17:47,2023-04-12 10:40,N,,3.0
2023-02-03 22:22,2023-02-03 22:22,낙동강,N,경상북도 안동시 풍천면 도양리 1424,맑은누리파크,2023-04-11 17:16,2023-04-11 17:31,N,,3.0
2023-02-13 11:00,2023-02-13 11:00,금강,N,충청남도 아산시 영인면 구성리 881-1,준설선 유류 보조탱크에서 주탱크로 이송 중 벙커A유 유출(약 100L 추정),2023-04-17 9:25,2023-04-18 9:11,N,,3.0
2023-02-13 17:30,2023-02-13 17:30,한강,N,경기도 화성시 정남면 귀래리 533-9,나로환경,2023-04-11 17:50,2023-04-12 10:41,N,,3.0
2023-02-15 16:00,2023-02-15 16:00,한강,N,경기도 남양주시 진건읍 신월리 653-1,왕숙천,2023-04-11 17:52,2023-04-12 10:43,N,,3.0
2023-02-16 19:35,2023-02-16 19:35,한강,N,경기도 시흥시 공단2대로 15 (정왕동),국도화학 경인사업소,2023-04-11 17:54,2023-04-12 10:44,N,,3.0
2023-02-16 23:00,2023-02-16 23:00,낙동강,Y,경상남도 김해시 대동면 예안리 1451-2,,2023-03-08 10:07,2023-03-16 11:07,N,,3.0
2023-02-18 12:00,2023-02-18 12:00,한강,N,경기도 남양주시 퇴계원읍 퇴계원리 127,왕숙천 진관교,2023-04-11 17:56,2023-04-12 10:45,N,,3.0
2023-02-27 18:10,2023-02-27 18:10,금강,N,충청남도 천안시 서북구 백석공단1로 97-14 (백석동),,2023-04-17 9:27,2023-04-18 9:11,N,,3.0
2023-02-28 14:50,2023-02-28 14:50,금강,Y,대전광역시 서구 월평동 92-8,,2023-03-08 10:08,2023-03-16 11:07,N,,3.0
2023-02-28 15:30,2023-02-28 15:30,금강,Y,충청남도 당진시 양지말길 8 (대덕동),당진냉동,2023-04-17 9:30,2023-04-18 9:11,N,,3.0
2023-03-07 0:01,2023-03-07 0:01,금강,N,대전광역시 중구 산성동 335-7,SIM테크,2023-04-17 9:37,2023-04-18 9:10,N,,3.0
2023-03-08 17:30,2023-03-08 17:30,영산강,Y,광주광역시 북구 연제동 730,,2023-07-20 20:20,2023-07-25 16:47,N,,3.0
2023-03-10 11:30,2023-03-10 11:30,영산강,Y,전라남도 여수시 화치동 271,LG화학 화치 공장 비상저류조,2023-07-20 20:23,2023-07-25 16:47,N,,3.0
2023-03-12 22:00,2023-03-12 22:00,금강,Y,대전광역시 대덕구 대덕대로1447번길 40 (목상동),한국타이어 대전공장,2023-04-12 15:06,2023-04-13 17:49,N,,3.0
2023-03-15 13:30,2023-03-15 13:30,낙동강,N,경상남도 거창군 웅양면 웅양로 1215-30,㈜상일,2023-04-11 17:22,2023-04-11 17:33,N,,3.0
2023-03-16 10:10,2023-03-16 10:10,영산강,Y,광주광역시 광산구 도산동 976-1,미상(환절기 기온상승 바닥 부영양화 가속 빈산소에 의한 어폐사 추정),2023-07-20 20:27,2023-07-25 16:46,N,,3.0
2023-03-16 14:58,2023-03-16 14:58,금강,N,충청남도 보령시 청소면 진죽리 1006-3,인근 진죽천,2023-04-17 9:39,2023-04-18 9:10,N,,3.0
2023-03-20 21:46,2023-03-20 21:46,낙동강,N,경상북도 성주군 대가면 옥련리 546-2,지엠엔에스,2023-04-11 17:25,2023-04-11 17:34,N,,3.0
2023-03-22 8:20,2023-03-22 8:20,한강,N,경기도 양주시 덕정동 47-3,천일페인트,2023-04-11 17:59,2023-04-12 10:46,N,,3.0
2023-03-23 9:03,2023-03-23 9:03,금강,N,충청남도 서산시 성연면 성연4로 198-20,,2023-04-17 9:41,2023-04-18 9:10,N,,3.0
2023-03-24 10:09,2023-03-24 10:09,낙동강,N,대구광역시 서구 팔달로2길 23 (비산동),풍천산업,2023-04-11 17:26,2023-04-11 17:36,N,,3.0
2023-03-24 17:00,2023-03-24 17:00,금강,N,충청남도 천안시 서북구 입장면 호당리 317-11,,2023-04-17 9:44,2023-04-18 9:10,N,,3.0
2023-03-27 17:00,2023-03-27 17:00,금강,N,충청남도 아산시 둔포면 신남리 625-1,,2023-04-17 9:45,2023-04-18 9:10,N,,3.0
2023-03-28 15:00,2023-03-28 15:00,금강,N,충청북도 청주시 상당구 문의면 구룡리 442,,2023-04-17 9:47,2023-04-18 9:10,N,,3.0
2023-03-29 9:20,2023-03-29 9:20,낙동강,N,경상북도 영주시 이산면 내림리 1,두월교 인근,2023-04-11 17:28,2023-04-11 17:37,N,,3.0
2023-03-30 22:00,2023-03-30 22:00,금강,N,충청남도 서천군 마산면 마명리 147-5,,2023-04-17 9:51,2023-04-18 9:10,N,,3.0
2023-03-31 10:30,2023-03-31 10:30,영산강,Y,광주광역시 남구 구동 76,광주천 부동교~중앙대교 사이,2023-07-20 20:33,2023-07-25 16:46,N,,3.0
2023-04-02 16:00,2023-04-02 16:00,낙동강,Y,부산광역시 강서구 대저2동 212-11,,2023-04-14 17:35,2023-04-14 17:42,N,,3.0
2023-04-05 8:50,2023-04-05 8:50,금강,N,충청남도 천안시 동남구 풍세면 광풍로,1540,2023-07-20 10:28,2023-07-20 11:03,N,,3.0
2023-04-15 9:00,2023-04-15 9:00,영산강,Y,광주광역시 서구 마륵동,광주천 지평교~하류400m(상무대교),2023-07-20 20:38,2023-07-25 16:46,N,,3.0
2023-04-15 19:20,2023-04-15 19:20,금강,N,충청북도 증평군 증평읍 창동리 809,보강천,2023-07-20 10:30,2023-07-20 13:28,N,,3.0
2023-04-17 17:03,2023-04-17 17:03,낙동강,N,대구광역시 서구 상리동 245-58,이강산업,2023-07-25 17:01,2023-07-25 17:12,N,,3.0
2023-04-19 7:55,2023-04-19 7:55,금강,N,충청남도 서천군 마서면 송내리 325-1,,2023-07-20 10:34,2023-07-20 13:29,N,,3.0
2023-04-21 4:00,2023-04-21 4:00,낙동강,N,경상남도 밀양시 부북면 용지리 181-1,한국카본,2023-07-25 16:57,2023-07-25 17:12,N,,3.0
2023-04-25 13:40,2023-04-25 13:40,금강,N,충청남도 아산시 음봉면 월랑리 240-1,월랑저수지,2023-07-20 10:36,2023-07-20 13:30,N,,3.0
2023-04-27 17:00,2023-04-27 17:00,영산강,Y,전라남도 나주시 봉황면 만봉리 491-5,만봉저수지,2023-07-20 20:40,2023-07-25 16:46,N,,3.0
2023-04-29 14:00,2023-04-29 14:00,금강,N,충청남도 서산시 성연면 성연4로 160,,2023-07-20 10:37,2023-07-20 13:31,N,,3.0
2023-05-01 18:28,2023-05-01 18:28,금강,N,충청북도 옥천군 군북면 증약리 443-2,,2023-07-20 10:41,2023-07-20 13:32,N,,3.0
2023-05-02 12:00,2023-05-02 12:00,영산강,Y,전라북도 완주군 봉동읍 구암리 544-9,석탑천,2023-07-20 20:45,2023-07-25 16:46,N,,3.0
2023-05-05 7:38,2023-05-05 7:39,금강,N,충청남도 천안시 동남구 다가동 561,,2023-07-20 10:43,2023-07-20 13:39,N,,3.0
2023-05-06 9:20,2023-05-06 9:20,영산강,Y,광주광역시 광산구 도천동 349-64,하남교,2023-07-20 20:49,2023-07-25 16:45,N,,3.0
2023-05-12 4:23,2023-05-12 4:23,금강,N,충남 서산시 성연면 성연4로 160,,2023-07-20 10:45,2023-07-20 13:43,N,,3.0
2023-05-15 9:15,2023-05-15 9:15,영산강,Y,광주광역시 북구 오룡동 34,첨단대교 주변 영산강,2023-07-20 20:50,2023-07-25 16:45,N,,3.0
2023-05-15 18:00,2023-05-15 18:00,한강,N,강원특별자치도 인제군 남면 소치리 1,우각천(부평취수장 상류 부평리 마을회관 인근),2023-07-25 17:18,2023-07-25 17:22,N,,3.0
2023-05-18 10:10,2023-05-18 10:10,금강,N,충청남도 천안시 서북구 성환읍 와우1길 64,,2023-07-20 10:46,2023-07-20 13:47,N,,3.0
2023-05-24 0:05,2023-05-24 0:05,금강,N,충청북도 청주시 청원구 오창읍 성산리 431-4,,2023-07-20 10:48,2023-07-20 13:49,N,,3.0
2023-05-31 20:00,2023-05-31 20:00,영산강,Y,전라북도 임실군 운암면 운종리 53,운암대교 상류 부근,2023-07-25 16:42,2023-07-25 16:45,N,,3.0
2023-06-04 11:00,2023-06-04 11:00,금강,N,충청남도 서산시 지곡면 무장리 1840,오토밸리 산업단지,2023-07-20 10:52,2023-07-25 16:43,N,,3.0
2023-06-05 12:10,2023-06-05 12:10,영산강,Y,전라북도 남원시 주천면 용궁리 97,,2023-07-25 16:40,2023-07-25 16:45,N,,3.0
2023-06-05 23:30,2023-06-05 23:30,한강,N,경기도 양주시 남면 상수리 117-1,현대아스콘,2023-07-25 17:20,2023-07-25 17:22,N,,3.0
2023-06-07 20:00,2023-06-07 20:00,낙동강,N,경상북도 구미시 고아읍 괴평리 26-3,구미정수장,2023-07-25 17:05,2023-07-25 17:13,N,,3.0
2023-06-09 14:42,2023-06-09 14:42,금강,N,충청북도 청주시 흥덕구 오송읍 정중리 645,물류센터 공사장,2023-07-20 10:58,2023-07-25 16:43,N,,3.0
2023-06-12 14:00,2023-06-12 14:00,영산강,Y,전라남도 여수시 화장동 134-1,,2023-07-25 16:38,2023-07-25 17:02,N,,3.0
2023-06-14 17:40,2023-06-14 17:40,한강,N,경기도 하남시 풍산동 581,망월천,2023-07-25 17:21,2023-07-25 17:23,N,,3.0
2023-06-15 17:00,2023-06-15 17:00,금강,N,전라북도 익산시 웅포면 웅포리 974,,2023-07-20 11:00,2023-07-20 14:52,N,,3.0
2023-06-17 17:24,2023-06-17 17:24,낙동강,N,대구광역시 서구 국채보상로 20길 25,유창알앤씨,2023-07-25 17:07,2023-07-25 17:13,N,,3.0
2023-06-21 14:08,2023-06-21 14:08,금강,Y,충청남도 부여군 은산면 가중리 560,,2023-07-20 19:39,2023-07-20 19:40,N,,3.0
2023-06-23 8:10,2023-06-23 8:10,낙동강,N,경상북도 의성군 의성읍 도동리 1,소하천 북원교 ~ 중리교 구간,2023-07-25 17:11,2023-07-25 17:14,N,,3.0
2023-06-30 0:00,2023-07-01 15:44,금강,N,충남 천안시 서북구 입장면 성진로 1122-27,,2024-01-18 9:07,2024-01-18 9:55,N,,3.0
2023-07-02 0:00,2023-07-03 13:20,금강,N,충청남도 천안시 동남구 동면 광덕리 423-1,방고개소류지,2024-01-18 9:08,2024-01-18 9:56,N,,3.0
2023-07-13 8:50,2023-07-13 8:50,낙동강,N,대구광역시 서구 염색공단천로 19길 2,,2024-01-17 17:08,2024-01-17 17:12,N,,3.0
2023-07-17 11:30,2023-07-17 11:30,금강,N,충청남도 부여군 규암면 호암리 1,백마강교 상류,2024-01-18 9:19,2024-01-18 9:57,N,,3.0
2023-07-18 14:00,2023-07-18 14:00,영산강,Y,전라북도 익산시 망성면 화산리 1-8,,2024-01-17 16:56,2024-01-17 16:59,N,,3.0
2023-07-20 11:30,2023-07-20 11:30,금강,Y,충청남도 부여군 규암면 호암리 1,백마강교,2023-07-31 9:32,2023-07-31 10:03,N,,3.0
2023-07-22 6:45,2023-07-22 6:45,낙동강,N,경상북도 경산시 진량읍 두인길 17,,2024-01-17 17:09,2024-01-17 17:13,N,,3.0
2023-07-26 21:00,2023-07-26 21:00,영산강,Y,광주광역시 광산구 운수동 425-8,인근,2024-01-17 16:53,2024-01-17 16:59,N,,3.0
2023-07-29 8:00,2023-07-29 9:30,금강,N,충청남도 천안시 동남구 성남면 석곡리 295,에스엔팩,2024-01-18 9:21,2024-01-18 9:57,N,,3.0
2023-07-29 17:38,2023-07-29 17:38,한강,N,경기도 수원시 장안구 송죽동 1,414(만석공원 내 만석거),2024-01-17 18:36,2024-01-17 18:51,N,,3.0
2023-08-04 20:40,2023-08-04 20:40,한강,N,경기도 남양주시 진건읍 사능리 172-46,대경오엔알,2024-01-17 18:37,2024-01-17 18:59,N,,3.0
2023-08-08 17:09,2023-08-08 17:09,낙동강,N,경상북도 영천시 청통면 신학리 507,,2024-01-17 17:10,2024-01-17 17:14,N,,3.0
2023-08-11 19:00,2023-08-11 19:00,금강,Y,충청남도 부여군 규암면 호암리 1,백마강교,2024-01-17 9:35,2024-01-18 14:23,N,,3.0
2023-08-12 7:20,2023-08-12 9:00,금강,N,대전광역시 중구 안영동 502-2,유등천,2024-01-18 9:28,2024-01-18 10:01,N,,3.0
2023-08-18 19:00,2023-08-19 8:58,금강,N,충청남도 천안시 서북구 입장면 가산리 628,유성티엘씨 제2물류센터,2024-01-18 9:30,2024-01-18 10:02,N,,3.0
2023-08-21 20:00,2023-08-21 22:30,금강,N,충청남도 당진시 합덕읍 중앙뜸길 25,,2024-01-18 9:33,2024-01-18 10:03,N,,3.0
2023-08-29 8:30,2023-08-29 11:55,금강,N,충청북도 청주시 상당구 남일면 가산리 118,,2024-01-18 9:42,2024-01-18 10:03,N,,3.0
2023-09-04 16:40,2023-09-04 16:40,금강,Y,충청남도 청양군 청남면 중산리 107-1,배수장 인근,2024-01-17 9:51,2024-01-17 9:52,N,,3.0
2023-09-06 18:00,2023-09-06 18:00,영산강,Y,광주광역시 광산구 운수동 426-53,인근 운수천,2024-01-17 11:00,2024-01-17 13:47,N,,3.0
2023-09-08 7:20,2023-09-08 8:25,금강,N,충남 공주시 이인면 검바위로 232,,2024-01-18 9:43,2024-01-18 10:04,N,,3.0
2023-09-11 11:30,2023-09-11 11:30,낙동강,Y,경상남도 김해시 상동면 매리 311-7,낙동대교 물양장,2024-01-17 17:04,2024-01-17 17:15,N,,3.0
2023-09-12 17:00,2023-09-12 17:00,낙동강,Y,경상북도 김천시 감천면 용호리 245-4,,2024-01-17 17:05,2024-01-17 17:15,N,,3.0
2023-09-13 12:00,2023-09-13 13:30,금강,N,충청남도 공주시 우성면 귀산리 274-2,,2024-01-18 9:47,2024-01-18 10:07,N,,3.0
2023-09-14 13:40,2023-09-14 15:40,금강,N,대전광역시 서구 도안동 1,구봉천 일대,2024-01-18 9:49,2024-01-18 10:08,N,,3.0
2023-09-15 7:15,2023-09-15 7:15,한강,N,경기도 남양주시 수석동 442,(수석한강공원),2024-01-17 18:50,2024-01-17 18:59,N,,3.0
2023-09-19 21:00,2023-09-19 21:50,금강,N,충청남도 서산시 수석동 374-14,,2024-01-18 9:52,2024-01-18 10:09,N,,3.0
2023-09-26 16:30,2023-09-26 16:30,금강,Y,충청남도 천안시 서북구 입장면 양대리 5-2,,2024-01-17 9:41,2024-01-17 9:54,N,,3.0
2023-09-28 17:50,2023-09-29 15:14,금강,N,충청남도 보령시 주교면 관창리 1234-2,,2024-01-18 9:54,2024-01-18 10:09,N,,3.0
2023-10-13 9:30,2023-10-13 9:30,한강,Y,경기 광주시 문현동 371-2,,2024-01-17 14:45,2024-01-17 14:46,N,,3.0
2023-10-14 10:14,2023-10-14 10:14,낙동강,Y,경상북도 상주시 중동면 회상리 1504,,2024-01-17 9:58,2024-01-17 10:25,N,,3.0
2023-10-24 9:40,2023-10-24 9:40,낙동강,Y,대구광역시 달성군 구지면 내리 825,이노정 인근,2024-01-17 10:01,2024-01-17 10:28,N,,3.0
2023-10-24 18:00,2023-10-24 18:00,금강,N,대전광역시 동구 신촌동 510-10,대청호 수질관리소,2024-01-17 14:05,2024-01-17 14:10,N,,3.0
2023-10-26 13:00,2023-10-26 13:00,영산강,Y,경상남도 하동군 옥종면 정수리 34,옥종불소유황천,2024-01-17 10:53,2024-01-17 13:45,N,,3.0
2023-11-01 12:00,2023-11-01 12:00,한강,N,포천시 가산면 가산로 18,,2024-01-17 14:15,2024-01-17 14:17,N,,3.0
2023-11-10 14:32,2023-11-10 14:32,낙동강,Y,경북 고령군 성산면 성산로 1140,고령교,2024-01-17 10:16,2024-01-18 10:37,N,,3.0
2023-12-01 15:00,2023-12-01 15:00,영산강,Y,전라북도 전주시 덕진구 고랑동 1196,,2024-01-17 13:12,2024-01-17 13:35,N,,3.0
2023-12-12 12:00,2023-12-12 12:00,낙동강,Y,경상북도 김천시 증산면 황항리 산 8-1,,2024-01-17 10:18,2024-01-17 10:31,N,,3.0
2023-12-17 21:20,2023-12-17 21:20,낙동강,Y,경상남도 진주시 대곡면 덕곡리 1343,,2024-01-17 10:19,2024-01-17 10:32,N,,3.0
2023-12-19 15:30,2023-12-19 15:30,금강,N,대전광역시 유성구 용산동 514,,2024-01-17 14:06,2024-01-17 14:10,N,,3.0
2023-12-30 8:30,2023-12-30 8:30,금강,N,대전광역시 유성구 노은동 431-1,,2024-01-17 14:07,2024-01-17 14:11,N,,3.0
2023-12-30 8:40,2023-12-30 8:40,한강,N,경기도 하남시 창우동 532,산곡천,2024-01-17 14:17,2024-01-17 14:18,N,,3.0
2024-01-03 4:00,2024-01-03 4:00,낙동강,Y,경상남도 양산시 호계동 898-8,,2024-02-26 16:52,2024-02-26 17:02,N,,3.0
2024-01-10 11:00,2024-01-10 11:00,금강,Y,경기도 화성시 양감면 요당리 103,,2024-04-22 9:58,2024-04-23 9:46,Y,,3.0
2024-01-10 11:00,2024-01-10 11:30,한강,Y,경기도 화성시 양감면 요당리 103-12,KNT로지스틱스,2024-04-25 11:13,2024-04-25 11:19,N,,3.0
2024-01-15 20:36,2024-01-15 21:10,한강,Y,경기도 화성시 향남읍 백토리 405,(페인트 도장업체),2024-04-25 14:59,2024-04-25 15:00,N,,3.0
2024-01-16 0:00,2024-01-16 0:00,낙동강,Y,경상남도 의령군 지정면 성산리 83-8,,2024-02-26 16:57,2024-02-26 17:01,N,,3.0
2024-01-18 10:30,2024-01-18 10:30,금강,N,충청남도 공주시 금흥동 329-1,공주교도소 앞 교차로,2024-04-22 10:05,2024-04-22 10:31,N,,3.0
2024-01-30 9:41,2024-01-30 9:41,낙동강,N,경상남도 양산시 물금읍 증산리 1666,ICD(내륙컨테이너기지),2024-04-25 10:22,2024-04-25 10:44,N,,3.0
2024-02-05 5:46,2024-02-05 5:46,금강,N,충청남도 태안군 태안읍 삭선리 1005-2,,2024-04-22 10:09,2024-04-22 10:42,N,,3.0
2024-02-05 6:56,2024-02-05 10:20,한강,N,경기도 화성시 양감면 대양리 178-1,데코밸리,2024-06-17 13:50,2024-06-17 14:21,N,,3.0
2024-02-05 17:00,2024-02-05 17:00,금강,N,충청북도 청주시 청원구 오창읍 성산리 27-1,,2024-04-22 10:10,2024-04-22 11:17,N,,3.0
2024-02-06 11:00,2024-02-06 11:00,낙동강,N,경상남도 창원시 의창구 명곡동 242,,2024-04-25 10:36,2024-04-25 10:52,N,,3.0
2024-02-06 17:00,2024-02-06 17:00,금강,N,충청북도 청주시 청원구 북이면 옥수리 339-1,,2024-04-22 10:21,2024-04-22 11:21,N,,3.0
2024-02-16 0:00,2024-02-16 0:00,낙동강,Y,경상남도 진주시 지수면 청담리 1,장박교,2024-02-26 16:58,2024-02-26 17:00,N,,3.0
2024-02-19 11:43,2024-02-19 11:43,한강,N,경기도 양주시 광적면 광석리 278,농업기술센터,2024-06-17 13:57,2024-06-17 14:25,N,,3.0
2024-02-20 13:40,2024-02-20 15:20,한강,N,경기도 하남시 하산곡동 159,,2024-06-17 14:00,2024-06-17 14:26,N,,3.0
2024-02-21 12:15,2024-02-21 12:15,낙동강,Y,경상남도 진주시 대곡면 단목리 1104-9,,2024-04-22 9:42,2024-04-23 9:48,N,,3.0
2024-02-22 7:00,2024-02-22 7:00,낙동강,Y,경상남도 진주시 대곡면 단목리 1049-3,,2024-04-22 9:44,2024-04-23 9:48,N,,3.0
2024-02-25 16:00,2024-02-25 18:56,한강,N,경기도 하남시 망월동 1073,망월천,2024-06-17 14:09,2024-06-17 14:29,N,,3.0
2024-03-05 6:53,2024-03-05 6:53,금강,N,세종특별자치시 전의면 신정리 426,이지테이프,2024-04-22 10:28,2024-04-22 13:14,N,,3.0
2024-03-15 1:10,2024-03-15 1:10,금강,N,충청북도 진천군 이월면 노원리 2149,,2024-04-22 10:30,2024-04-22 13:20,N,,3.0
2024-03-19 16:00,2024-03-19 16:00,낙동강,Y,대구광역시 달성군 논공읍 위천리 256-15,,2024-04-22 13:39,2024-04-22 13:39,N,,3.0
2024-03-22 13:43,2024-03-22 13:43,낙동강,N,경상북도 안동시 송천동 1319-1,농업기술센터 농기계임대사업소,2024-04-25 10:37,2024-04-25 10:54,N,,3.0
2024-03-24 9:16,2024-03-24 9:17,낙동강,N,경상북도 김천시 용두동 216-1,"인근 우수관거, 감천",2024-04-25 10:39,2024-04-25 10:55,N,,3.0
2024-03-25 5:45,2024-03-25 7:15,한강,N,경기도 이천시 백사면 모전리 301,모전영농조합,2024-06-17 14:12,2024-06-17 14:40,N,,3.0
2024-03-26 11:30,2024-03-26 18:20,한강,N,경기도 양주시 백석읍 홍죽리 939-4,㈜두리철강,2024-06-17 14:19,2024-06-17 14:41,N,,3.0
2024-04-02 10:30,2024-04-02 17:53,낙동강,Y,경상북도 포항시 남구 오천읍 광명리 95,,2024-06-17 11:06,2024-06-17 11:21,N,,3.0
2024-04-15 4:50,2024-04-15 4:50,낙동강,Y,대구광역시 북구 동변동 617-1,금호1교,2024-06-17 11:12,2024-06-17 13:19,N,,3.0
2024-04-25 13:30,2024-04-25 15:15,금강,Y,충청남도 아산시 인주면 공세리 760,아산호,2024-06-17 14:47,2024-06-17 14:48,N,,3.0
2024-04-30 9:00,2024-04-30 11:00,낙동강,N,경상남도 창원시 의창구 동읍 노연리 223-1,금호1교,2024-06-17 11:15,2024-06-17 13:24,N,,3.0
