일자,생활폐기물_반입량,삼원환경_반입량,음식협잡물_반입량,청라반입량,재활용잔재물_반입량,삼산_반입량,구월_반입량,쓰레기소각_1호기,쓰레기소각_2호기,음폐수소각_1호기,음폐수소각_2호기,침출수소각_1호기,침출수소각_2호기,일반바닥재_반출량,비산재_반출량,지정바닥재_반출량,고철_반출량,경유_금일입고량,경유_금일사용량,부생연료유_금일입고량,부생연료유_금일사용량,시수사용량,전력_수전량,전력_발전량,전력_매전량,스팀생산량,청라에너지스팀공급유량,청라에너지스팀공급열량,응축수회수유량,응축수회수열량,청라에너지판매열량,로온도_1호기,증기식_공기_예열기온도_1호기,보일러온도_1호기,집진시설온도_1호기,굴뚝온도_1호기,로온도_2호기,증기식_공기_예열기온도_2호기,보일러온도_2호기,집진시설온도_2호기,굴뚝온도_2호기,소각시설1호기_산소,소각시설1호기_일산화탄소,소각시설1호기_질소산화물,소각시설1호기_염화수소,소각시설1호기_먼지,소각시설1호기_유량,소각시설2호기_산소,소각시설2호기_일산화탄소,소각시설2호기_질소산화물,소각시설2호기_염화수소,소각시설2호기_먼지,소각시설2호기_유량,폐수처리관리_산성농도,폐수처리관리_일산화탄소D,폐수처리관리_방류량,폐수처리관리_재이용량
2022-01-01,565.09,0,0,1.63,0,0,0,186.36,0.0,0,0,0,0,0.0,0.0,0,0.0,0,0,0,0,448,26136,0.0,0.0,676.49,459.62,295.3,385.0,20.2,275.1,1005.71,78.75,245.96,143.99,166.93,0.0,0.0,0.0,0.0,0.0,11.31,8.16,0.0,0.43,0.81,49724.0,0.0,0.0,0.0,0.0,0.0,0.0,8.13,0,0,0.0
2022-01-02,0.0,0,0,0.0,0,0,0,189.74,0.0,0,0,0,0,0.0,0.0,0,0.0,0,0,0,899,81,25488,0.0,0.0,679.79,512.09,330.2,444.0,23.1,307.1,988.78,79.91,245.73,150.33,152.12,0.0,0.0,0.0,0.0,0.0,11.15,6.94,0.0,0.25,1.02,51036.0,0.0,0.0,0.0,0.0,0.0,0.0,8.13,0,0,11.8
2022-01-03,623.23,0,0,5.91,0,0,0,180.25,110.02,0,0,0,0,48.37,0.0,0,0.0,0,0,0,5494,260,29160,0.0,0.0,1187.47,827.16,537.1,753.0,42.4,494.7,959.81,78.35,244.71,145.98,154.76,941.0,94.13,231.51,143.65,173.86,11.23,9.47,0.0,0.51,0.8,49710.0,10.97,9.16,0.0,0.87,2.12,48776.0,8.13,0,0,41.0
2022-01-04,265.66,0,0,6.43,0,0,0,183.4,171.79,0,0,0,0,74.2,0.0,0,0.0,0,0,0,0,102,30096,0.0,0.0,1426.81,1040.27,676.2,962.0,56.8,619.4,926.48,79.5,244.61,147.56,148.9,940.92,92.91,240.4,142.26,173.92,10.94,8.35,0.0,1.37,0.84,50358.0,11.01,8.15,0.0,0.5,2.23,49358.0,8.09,0,0,43.6
2022-01-05,379.59,0,0,4.89,0,0,0,190.44,190.05,0,0,0,0,74.72,0.0,0,0.0,0,0,0,0,146,29772,0.0,0.0,1472.66,1065.96,692.5,976.0,54.1,638.4,938.48,78.46,245.37,147.59,167.33,943.33,92.21,239.4,145.86,174.31,10.87,8.76,0.0,1.43,0.77,51620.0,10.77,6.4,0.0,0.57,2.32,52860.0,8.09,0,0,51.8
2022-01-06,313.08,0,0,4.36,0,0,0,184.52,188.65,0,0,0,0,98.01,0.0,0,0.0,0,0,0,129,103,34488,0.0,0.0,1471.75,1042.73,677.0,952.0,52.9,624.1,931.99,77.9,243.08,145.91,172.21,937.47,92.28,239.45,147.24,173.47,11.62,16.55,0.0,2.21,1.12,48992.0,10.72,6.51,0.0,0.64,2.12,53342.0,8.11,0,0,61.2
2022-01-07,318.41,0,0,4.55,0,0,0,182.89,181.73,0,0,0,0,93.7,0.0,0,0.0,0,0,0,0,278,28080,0.0,0.0,1441.78,1071.42,696.0,976.0,54.0,642.0,976.1,0.0,0.0,0.0,172.38,946.44,0.0,0.0,0.0,175.01,11.14,12.54,0.0,2.34,1.38,50424.0,10.87,6.61,0.0,0.76,1.99,53036.0,8.07,0,0,37.6
2022-01-08,465.7,0,0,4.63,0,0,0,175.26,176.89,0,0,0,0,22.84,0.0,0,0.0,0,0,0,0,119,31320,0.0,0.0,1393.15,1023.02,664.1,934.0,51.3,612.8,959.45,0.0,0.0,0.0,171.62,939.65,0.0,0.0,0.0,174.18,11.39,16.26,0.0,3.0,1.26,47928.0,10.78,6.27,0.0,0.53,1.46,52242.0,8.06,0,0,8.5
2022-01-09,0.0,0,0,0.0,0,0,0,169.86,169.17,0,0,0,0,0.0,0.0,0,0.0,0,0,0,0,444,27396,0.0,0.0,1340.69,1044.13,678.2,957.0,51.8,626.4,958.59,0.0,0.0,0.0,173.16,937.44,0.0,0.0,0.0,175.03,11.13,9.51,0.0,3.36,1.15,49136.0,10.54,5.74,0.0,0.35,1.18,52458.0,8.06,0,0,1.0
2022-01-10,497.47,0,0,5.3,0,0,0,176.6,175.45,0,0,0,0,105.41,0.0,0,0.0,0,0,0,0,192,31032,0.0,0.0,1408.03,1048.3,680.8,960.0,52.0,628.8,954.86,83.2,245.04,142.65,174.73,939.13,96.2,239.62,152.37,178.46,11.02,10.22,0.0,3.55,1.11,49714.0,10.55,6.33,0.0,1.93,1.31,52104.0,8.06,0,0,52.3
2022-01-11,309.69,0,0,5.76,0,0,0,174.04,174.36,0,0,0,0,48.52,0.0,0,0.0,0,0,0,0,91,27252,0.0,0.0,1433.56,1035.6,672.5,946.0,51.8,620.7,1006.58,80.82,246.54,143.57,173.55,942.87,93.31,238.8,150.61,176.58,11.22,14.66,0.0,3.54,1.05,49336.0,10.72,6.6,0.0,1.41,2.8,52294.0,8.11,0,0,36.6
2022-01-12,316.98,0,0,4.14,0,0,0,178.24,177.39,0,0,0,0,75.91,0.0,0,0.0,0,0,0,0,88,30672,0.0,0.0,1446.57,1042.94,677.1,962.0,53.1,624.0,977.44,79.87,245.13,141.13,172.61,934.64,91.93,238.07,150.45,176.06,11.22,11.28,0.0,3.06,0.5,48938.0,10.5,5.43,0.0,1.18,2.25,53284.0,8.14,0,0,47.2
2022-01-13,317.06,0,0,4.49,0,0,0,180.59,181.0,0,0,0,0,73.45,0.0,0,0.0,0,0,0,0,144,28548,0.0,0.0,1455.43,1065.75,692.3,973.0,53.9,638.4,980.67,80.54,246.08,146.07,174.24,938.99,92.71,239.95,151.5,177.16,10.85,9.16,0.0,3.24,0.77,50918.0,10.61,5.62,0.0,1.27,2.31,52528.0,8.25,0,0,31.4
2022-01-14,365.51,0,0,4.33,0,0,0,175.24,175.83,0,0,0,0,96.76,0.0,0,0.0,0,0,0,0,90,28188,0.0,0.0,1418.67,1050.49,682.1,962.0,53.5,628.6,966.24,80.05,248.12,147.42,174.35,934.59,92.05,240.27,150.61,176.74,11.32,10.43,0.0,3.1,1.01,46880.0,10.57,5.91,0.0,1.26,1.76,51112.0,8.28,0,0,44.1
2022-01-15,482.14,0,0,4.89,0,0,0,175.73,175.52,0,0,0,0,24.64,0.0,0,0.0,0,0,0,0,196,28476,0.0,0.0,1401.36,1012.58,657.2,927.0,50.9,606.3,993.88,81.34,247.66,143.81,174.15,937.81,93.75,239.95,150.16,176.87,11.44,11.19,0.0,4.24,1.65,44570.0,10.65,6.61,0.0,1.2,0.96,49818.0,8.28,0,0,32.4
2022-01-16,0.0,0,0,0.0,0,0,0,175.01,175.18,0,0,0,0,0.0,0.0,0,0.0,0,0,0,0,372,16452,0.0,0.0,1409.56,1042.85,677.1,951.0,52.2,624.9,1015.41,0.0,0.0,0.0,173.52,962.17,0.0,0.0,0.0,176.54,11.22,13.37,0.0,4.23,1.77,45060.0,10.63,5.79,0.0,1.58,0.99,50314.0,8.25,0,0,0.0
2022-01-17,506.45,0,0,5.05,0,0,0,162.79,163.67,0,0,0,0,72.99,0.0,0,0.0,0,0,0,0,179,38664,0.0,0.0,1431.2,1035.76,672.5,943.0,51.6,620.9,1003.77,79.12,246.59,144.92,172.04,970.19,91.0,241.11,148.64,174.55,11.44,14.73,0.0,3.74,1.67,44886.0,10.85,6.06,0.0,1.26,1.35,48880.0,8.28,0,0,52.0
2022-01-18,320.59,0,0,5.3,0,0,0,167.48,170.51,0,0,0,0,98.13,0.0,0,0.0,0,0,0,0,161,28512,0.0,0.0,1415.88,1018.1,660.7,929.0,51.6,609.1,962.11,78.71,247.15,152.82,173.96,954.19,91.4,240.07,155.11,176.17,11.74,14.19,0.0,3.01,1.65,44294.0,10.84,6.12,0.0,1.83,1.36,49678.0,8.28,0,0,55.7
2022-01-19,290.02,0,0,4.61,0,0,0,181.11,180.88,0,0,0,0,123.26,0.0,0,0.0,0,0,0,0,102,30708,0.0,0.0,1437.58,1045.52,678.8,952.0,53.3,625.5,960.01,78.55,243.63,144.27,173.87,955.93,90.65,240.33,147.72,176.0,11.2,12.77,0.0,2.74,1.67,47026.0,10.72,6.35,0.0,1.29,1.39,50532.0,8.28,0,0,26.3
2022-01-20,345.36,0,0,4.05,0,0,0,177.54,177.18,0,0,0,0,76.62,0.0,0,0.0,0,5,0,0,137,29808,0.0,0.0,1466.85,1042.32,676.7,958.0,53.2,623.5,970.33,78.81,245.68,136.53,171.69,981.04,89.61,239.78,145.44,174.86,10.88,5.34,0.0,2.72,1.56,48000.0,10.71,6.6,0.0,0.69,1.52,50060.0,8.28,0,0,49.5
2022-01-21,362.68,0,0,4.66,0,0,0,184.48,187.79,0,0,0,0,76.47,0.0,0,0.0,0,0,0,301,101,30672,0.0,0.0,1442.27,1082.24,703.1,997.0,55.0,648.1,982.94,0.0,0.0,0.0,173.87,951.62,0.0,0.0,0.0,175.62,10.8,5.98,0.0,1.25,1.68,49404.0,10.88,6.57,0.0,1.15,1.36,49866.0,8.13,0,0,18.8
2022-01-22,464.7,0,0,5.04,0,0,0,184.93,182.03,0,0,0,0,25.53,0.0,0,0.0,0,0,0,0,441,29772,0.0,0.0,1480.77,1103.49,717.1,1020.0,56.5,660.6,960.13,80.45,247.89,153.54,176.83,932.87,92.84,239.21,153.54,179.0,10.81,7.36,0.0,0.62,1.44,50262.0,10.86,6.37,0.0,2.71,0.99,50114.0,8.11,0,0,23.9
2022-01-23,0.0,0,0,0.0,0,0,0,180.49,180.02,0,0,0,0,0.0,0.0,0,0.0,0,0,0,0,93,29736,0.0,0.0,1460.34,1100.5,715.2,1012.0,55.3,659.9,943.26,82.42,246.15,151.11,176.67,960.76,94.19,240.99,152.23,178.61,10.63,7.83,0.0,0.79,1.62,50070.0,10.57,5.97,0.0,2.36,0.51,50250.0,8.19,0,0,0.0
2022-01-24,570.05,0,0,5.3,0,0,0,181.64,181.84,0,0,0,0,49.62,0.0,0,0.0,0,0,0,0,130,29268,0.0,0.0,1476.98,1092.21,709.7,1008.0,54.7,655.0,940.72,82.48,244.65,149.28,174.92,952.99,94.69,241.32,146.09,176.05,10.43,6.41,0.0,0.75,1.45,50384.0,10.56,5.97,0.0,1.48,0.5,50212.0,8.2,0,0,0.0
2022-01-25,379.26,0,0,5.99,0,0,0,181.24,179.03,0,0,0,0,77.51,0.0,0,0.0,0,0,0,0,154,29052,0.0,0.0,1472.17,1088.56,707.4,1000.0,55.1,652.3,949.89,83.47,243.37,143.82,177.3,931.25,96.24,237.87,147.74,174.86,10.37,5.63,0.0,1.85,0.47,51090.0,10.46,7.2,0.0,0.26,1.7,49692.0,8.2,0,0,88.7
2022-01-26,327.18,0,0,5.37,0,0,0,180.73,179.6,0,0,0,0,73.63,0.0,0,0.0,0,5,0,0,93,29268,0.0,0.0,1490.5,1110.97,722.3,1025.0,55.9,666.4,940.57,82.55,246.04,147.21,175.08,950.2,94.5,237.1,151.23,177.53,10.53,7.21,0.0,0.43,1.8,49336.0,10.34,5.56,0.0,2.53,0.47,51010.0,8.2,0,0,0.0
2022-01-27,395.9,0,0,4.89,0,0,0,185.48,185.94,0,0,0,0,109.11,0.0,0,0.0,0,0,0,0,451,27360,0.0,0.0,1485.05,1100.93,715.8,1011.0,55.6,660.2,939.96,81.66,246.94,146.3,174.81,936.59,93.44,240.34,149.32,176.97,10.43,7.21,0.0,0.7,1.69,49994.0,10.26,5.04,0.0,2.04,0.71,50870.0,8.2,0,0,47.8
2022-01-28,341.5,0,0,7.58,0,0,0,183.23,176.18,0,0,0,0,74.51,0.0,0,0.0,0,0,0,0,113,29340,0.0,0.0,1478.82,1098.67,714.1,1004.0,55.4,658.7,944.44,80.37,245.26,145.74,173.74,976.47,91.96,238.62,150.74,176.47,10.5,5.92,0.0,1.1,1.75,50026.0,10.47,5.4,0.0,1.93,1.07,50330.0,8.17,0,0,14.9
2022-01-29,506.29,0,0,8.07,0,0,0,180.66,180.58,0,0,0,0,0.0,0.0,0,0.0,0,0,0,459,136,29844,0.0,0.0,1481.65,1090.77,708.9,1003.0,55.3,653.6,940.46,79.23,242.5,145.15,172.98,953.72,91.04,235.09,151.85,176.05,10.49,7.21,0.01,2.03,1.79,50198.0,10.6,6.55,0.0,1.99,1.39,50286.0,8.23,0,0,16.8
2022-01-30,0.0,0,0,0.0,0,0,0,182.34,177.87,0,0,0,0,0.0,0.0,0,0.0,0,0,0,0,160,27900,0.0,0.0,1492.52,1132.88,736.7,1041.0,57.8,678.9,966.19,79.49,245.44,148.89,175.09,979.03,92.08,235.03,152.02,177.7,10.42,5.02,0.0,1.63,1.69,51558.0,10.61,6.18,0.0,2.52,1.44,50488.0,8.25,0,0,37.0
2022-01-31,940.59,0,0,3.84,0,0,0,180.43,177.72,0,0,0,0,0.0,0.0,0,0.0,0,0,0,0,103,28764,0.0,0.0,1489.39,1121.35,729.0,1026.0,56.7,672.3,952.41,79.43,249.18,148.86,174.59,992.1,91.76,235.64,151.71,177.12,10.5,4.48,0.0,1.9,1.78,50326.0,10.81,7.06,0.0,2.46,1.3,49702.0,8.1,0,0,55.5
2022-02-01,0.0,0,0,0.0,0,0,0,175.22,172.92,0,0,0,0,0.0,0.0,0,0.0,0,0,0,0,80,26496,0.0,0.0,1470.3,1133.53,737.2,1044.0,56.9,680.3,926.31,79.91,246.51,146.4,174.53,981.83,92.45,238.46,151.83,177.33,10.48,4.58,0.0,1.86,1.82,50056.0,10.82,6.83,0.0,2.12,1.15,49578.0,8.27,0,0,22.5
2022-02-02,210.48,0,0,2.26,0,0,0,190.62,173.96,0,0,0,0,0.0,0.0,0,0.0,0,0,0,0,406,27504,0.0,0.0,1456.66,1131.04,735.6,1037.0,58.0,677.6,932.67,79.61,246.74,149.42,175.14,973.62,91.98,235.16,151.5,177.41,10.52,8.7,0.0,1.61,1.74,50396.0,10.91,6.95,0.0,2.25,1.41,49060.0,8.27,0,0,41.8
2022-02-03,642.7,0,0,6.13,0,0,0,187.94,174.96,0,0,0,0,103.52,0.0,0,0.0,0,10,0,0,173,29016,0.0,0.0,1434.39,1093.17,710.5,1002.0,55.1,655.4,944.0,78.94,244.77,147.38,173.82,981.63,91.06,235.0,154.78,176.75,10.52,7.69,0.0,1.83,1.77,49964.0,10.82,6.41,0.0,1.97,1.57,49118.0,8.27,0,0,0.0
2022-02-04,249.65,0,0,7.84,0,0,0,184.44,182.58,0,0,0,0,101.62,0.0,0,0.0,0,0,0,0,298,28800,0.0,0.0,1484.17,1087.59,706.9,1003.0,55.1,651.8,953.29,78.79,245.93,147.27,173.8,977.15,91.03,232.18,152.11,176.51,10.36,3.95,0.0,2.45,1.68,51208.0,10.72,6.11,0.0,1.83,1.74,50412.0,8.21,0,0,66.9
2022-02-05,437.14,0,0,7.23,0,0,0,181.92,181.48,0,0,0,0,24.68,0.0,0,0.0,0,0,0,0,89,29376,0.0,0.0,1506.26,1109.93,721.7,1020.0,57.7,664.0,975.35,77.94,245.52,147.24,173.4,997.56,89.93,233.01,151.35,176.11,10.48,3.75,0.0,2.01,1.52,50964.0,10.65,6.08,0.0,2.22,1.79,50082.0,8.22,0,0,37.7
2022-02-06,0.0,0,0,0.0,0,0,0,192.45,171.49,0,0,0,0,0.0,0.0,0,0.0,0,0,0,0,111,31860,0.0,0.0,1486.95,1136.15,739.0,1044.0,59.1,679.9,965.02,78.98,246.38,148.0,174.55,990.39,90.64,235.24,150.22,176.61,10.34,3.5,0.01,2.43,1.68,50798.0,10.5,5.74,0.0,2.39,1.66,49534.0,8.3,0,0,13.6
2022-02-07,590.73,0,0,6.95,0,0,0,183.13,171.53,0,0,0,0,75.91,0.0,0,0.0,0,0,0,0,88,25992,0.0,0.0,1486.33,1102.54,716.8,1015.0,56.1,660.7,997.97,78.87,246.07,148.22,173.8,976.49,90.81,237.19,150.47,176.05,10.35,2.58,0.01,2.73,1.72,49930.0,10.43,5.52,0.0,2.4,1.48,49542.0,8.27,0,0,35.2
2022-02-08,366.62,0,0,8.07,0,0,0,180.22,180.23,0,0,0,0,52.75,0.0,0,0.0,0,0,0,0,344,29052,0.0,0.0,1421.1,1096.26,712.6,1003.0,56.1,656.5,1001.33,80.33,245.37,149.2,174.85,992.21,92.74,235.24,151.24,176.02,10.54,2.62,0.0,2.96,1.84,49156.0,10.48,6.33,0.0,2.61,1.03,49264.0,8.12,0,0,58.3
2022-02-09,315.54,0,0,5.89,0,0,0,181.21,180.09,0,0,0,0,74.31,0.0,0,10.48,0,10,0,0,130,27612,0.0,0.0,1473.34,1079.54,701.6,990.0,54.8,646.8,1021.26,80.45,242.48,145.97,174.01,992.21,92.44,231.73,147.73,176.02,10.56,2.69,0.0,3.15,1.89,49002.0,10.48,6.33,0.0,2.61,1.03,49264.0,8.19,0,0,25.2
2022-02-10,309.96,0,0,6.13,0,0,0,187.52,175.88,0,0,0,0,105.97,0.0,0,0.0,0,0,0,0,78,29124,0.0,0.0,1474.11,1078.99,701.3,990.0,54.6,646.7,969.31,81.16,245.44,147.01,174.14,1000.99,93.79,235.67,147.0,175.99,10.39,3.71,0.0,3.24,1.68,49686.0,10.39,8.15,0.0,2.58,0.91,48958.0,8.19,0,0,32.0
2022-02-11,348.74,0,0,5.75,0,0,0,168.55,167.19,0,0,0,0,25.95,0.0,0,0.0,0,0,0,0,120,30636,0.0,0.0,1484.36,1072.63,697.1,988.0,54.1,643.0,991.85,80.37,247.95,146.51,173.17,1004.46,92.39,244.69,148.06,175.03,10.25,3.8,0.0,3.37,1.5,49886.0,10.44,6.84,0.0,2.21,0.96,48106.0,8.19,0,0,53.2
2022-02-12,443.75,0,0,7.16,0,0,0,178.95,179.28,0,0,0,0,51.86,0.0,0,0.0,0,0,0,0,522,36396,0.0,0.0,1495.68,1074.85,698.6,992.0,54.5,644.1,979.42,81.78,245.19,142.82,172.75,973.82,93.91,235.06,147.33,175.27,10.42,3.53,0.0,3.68,1.16,48342.0,10.48,6.9,0.0,2.18,1.01,48462.0,8.19,0,0,5.4
2022-02-13,0.0,0,0,0.0,0,0,0,178.54,179.53,0,0,0,0,0.0,0.0,0,0.0,0,0,0,0,330,16812,0.0,0.0,1471.91,1130.47,735.5,1041.0,57.2,678.3,955.58,82.5,245.53,143.77,174.34,958.76,95.48,233.59,149.91,177.24,10.4,3.87,0.0,3.88,0.73,49850.0,10.26,5.74,0.01,2.23,1.01,51324.0,8.16,0,0,23.5
2022-02-14,546.32,0,0,7.16,0,0,0,185.08,185.45,0,0,0,0,50.71,35.08,0,0.0,0,0,0,0,243,30384,0.0,0.0,1492.04,1085.36,705.6,990.0,53.9,651.7,1017.01,82.19,247.05,146.37,173.51,973.98,94.04,235.16,148.86,176.15,10.44,3.88,0.0,4.0,1.19,49466.0,10.52,6.32,0.0,2.56,1.37,49142.0,8.18,0,0,72.3
2022-02-15,322.62,0,0,7.57,0,0,0,180.89,180.79,0,0,0,0,52.14,0.0,0,0.0,0,0,0,0,177,28332,0.0,0.0,1450.23,1059.78,688.7,969.0,53.5,635.2,989.6,80.94,252.07,145.97,172.66,987.13,92.59,237.42,150.81,175.0,10.43,5.81,0.0,3.69,1.25,49592.0,10.52,6.23,0.0,1.84,3.09,48110.0,8.19,0,0,5.9
2022-02-16,283.38,0,0,5.4,0,0,0,181.35,181.8,0,0,0,0,76.49,0.0,0,0.0,0,10,0,0,104,29520,0.0,0.0,1488.99,1097.93,713.6,1004.0,56.7,656.9,980.17,78.95,249.16,146.37,173.27,954.05,90.49,235.67,151.8,175.92,10.51,3.9,0.0,2.83,0.82,49652.0,10.5,5.57,0.0,2.65,2.32,49706.0,8.12,0,0,38.0
2022-02-17,293.52,0,0,5.3,0,0,0,180.01,179.46,0,0,0,0,50.33,0.0,0,0.0,0,0,0,0,102,27936,0.0,0.0,1499.05,1110.06,721.5,1026.0,57.4,664.1,1010.97,77.55,248.61,146.12,173.16,992.56,88.52,234.17,149.62,175.75,10.6,3.8,0.0,2.6,0.51,49136.0,10.19,4.93,0.0,2.77,2.27,50626.0,8.13,0,0,36.4
2022-02-18,305.26,0,0,5.8,0,0,0,178.26,176.87,0,0,0,0,77.79,0.0,0,0.0,0,0,0,0,118,30060,0.0,0.0,1505.24,1109.68,721.2,1018.0,56.9,664.3,1023.24,78.03,248.74,147.89,173.49,981.75,89.37,235.53,146.87,175.25,10.65,5.93,0.0,2.63,0.98,48562.0,10.04,5.37,0.0,2.61,1.39,49924.0,8.13,0,0,51.0
2022-02-19,427.56,0,0,6.42,0,0,0,175.71,173.22,0,0,0,0,58.13,0.0,0,0.0,0,0,0,0,464,28368,0.0,0.0,1483.34,1062.86,690.3,975.0,53.6,636.7,1044.85,78.3,248.61,146.44,171.99,941.15,89.64,245.4,147.43,173.96,10.89,7.94,0.0,3.29,1.81,47486.0,10.17,6.36,0.0,2.65,1.19,48808.0,8.13,0,0,42.6
2022-02-20,0.0,0,0,0.0,0,0,0,178.6,177.08,0,0,0,0,0.0,0.0,0,0.0,0,0,0,0,82,25812,0.0,0.0,1487.53,1134.6,737.8,1039.0,58.6,679.2,1025.94,78.57,249.28,143.81,173.22,955.6,89.71,239.75,146.48,175.69,10.38,4.07,0.0,2.91,1.56,49588.0,9.79,5.03,0.01,2.87,1.59,51214.0,7.86,0,0,0.0
2022-02-21,548.76,0,0,6.93,0,0,0,175.09,176.13,0,0,0,0,76.84,0.0,0,0.0,0,0,0,0,86,28836,0.0,0.0,1487.29,1103.39,717.2,1009.0,56.2,661.0,997.09,78.42,249.68,145.48,172.93,954.65,89.85,236.96,147.49,175.31,10.64,3.25,0.0,2.97,1.55,48526.0,10.3,5.78,0.0,2.31,1.48,49878.0,7.81,0,0,36.7
2022-02-22,289.22,0,0,7.64,0,0,0,185.3,181.34,0,0,0,0,93.89,0.0,0,0.0,0,0,0,0,135,29196,0.0,0.0,1543.9,1134.9,738.4,1046.0,59.2,679.2,990.45,78.36,253.73,150.23,175.17,1024.08,89.83,234.61,145.99,173.8,9.84,5.34,0.0,1.71,1.51,51270.0,10.24,5.45,0.0,3.05,1.6,50460.0,7.81,0,0,51.0
2022-02-23,312.45,0,0,5.49,0,0,0,182.51,181.11,0,0,0,0,75.03,0.0,0,0.0,0,10,0,0,175,29232,0.0,0.0,1527.94,1131.15,736.1,1044.0,59.7,676.4,1008.48,77.32,257.98,154.86,174.56,1005.04,88.68,236.22,147.25,175.04,10.57,5.89,0.02,3.05,1.4,49288.0,9.82,5.5,0.0,2.08,1.73,51636.0,7.81,0,0,40.1
2022-02-24,295.72,0,0,6.0,0,0,0,133.79,180.68,0,0,0,0,73.71,0.0,0,0.0,0,0,0,272,150,33120,0.0,0.0,1398.44,995.06,646.7,917.0,52.1,594.6,986.23,77.7,252.67,149.08,173.4,1017.38,90.01,238.55,146.93,174.89,10.71,7.03,0.0,3.65,1.43,49592.44,10.16,6.25,0.0,2.19,1.52,51024.0,7.69,0,0,34.1
2022-02-25,353.65,0,0,5.41,0,0,0,0.0,182.65,0,0,0,0,48.25,0.0,0,0.0,0,0,0,0,91,21600,0.0,0.0,792.15,509.28,327.6,433.0,22.1,305.5,0.0,0.0,0.0,0.0,0.0,954.31,92.95,242.84,146.28,176.11,0.0,0.0,0.0,0.0,0.0,0.0,9.93,5.91,0.0,2.81,1.32,52052.0,7.76,0,0,84.5
2022-02-26,404.26,0,0,6.15,0,0,0,0.0,164.48,0,0,0,0,51.32,0.0,0,0.0,0,0,0,1316,175,26604,0.0,0.0,802.14,487.09,312.8,411.0,20.4,292.4,0.0,0.0,0.0,0.0,0.0,968.48,93.54,242.96,143.6,173.93,0.0,0.0,0.0,0.0,0.0,0.0,10.05,9.68,0.0,2.85,1.21,50660.0,7.76,0,0,62.2
2022-02-27,0.0,0,0,0.0,0,0,0,109.3,174.08,0,0,0,0,0.0,0.0,0,0.0,0,0,0,4992,80,23688,0.0,0.0,1233.61,849.88,551.4,771.0,42.0,509.4,1009.32,84.26,232.96,141.1,169.22,999.13,93.77,244.33,139.04,175.32,10.79,6.58,0.0,3.49,1.17,47034.0,9.81,8.28,0.0,3.3,1.21,50786.0,7.76,0,0,9.0
2022-02-28,583.17,0,0,7.05,0,0,0,178.87,180.63,0,0,0,0,75.11,0.0,0,0.0,0,0,0,0,323,25992,0.0,0.0,1488.0,1116.59,726.8,1022.0,57.5,669.3,1030.15,83.8,248.96,146.51,171.03,958.63,94.86,246.15,143.14,176.19,10.78,7.3,0.0,3.24,0.99,47210.0,9.73,6.23,0.0,2.58,1.39,52484.0,7.76,0,0,37.1
2022-03-01,393.85,0,0,4.97,0,0,0,178.61,178.52,0,0,0,0,0.0,0.0,0,0.0,0,0,0,0,140,27360,0.0,0.0,1509.72,1117.1,727.1,1028.0,55.3,671.8,1010.65,83.93,250.05,144.36,169.41,952.12,95.03,249.8,144.1,176.24,10.65,5.21,0.0,2.92,1.16,48380.0,9.59,5.74,0.0,2.19,1.36,53494.0,7.72,0,0,0.0
2022-03-02,332.94,0,0,7.69,0,0,0,186.76,181.02,0,0,0,0,49.59,0.0,0,0.0,0,10,0,0,136,28980,0.0,0.0,1559.04,1172.72,764.0,1084.0,59.2,704.8,974.94,82.41,250.92,146.82,167.07,925.48,95.19,243.7,146.43,176.72,10.35,5.38,0.0,2.94,1.39,51416.0,9.74,6.71,0.0,2.53,1.19,53304.0,7.61,0,0,36.7
2022-03-03,362.93,0,0,6.58,0,0,0,178.08,177.5,0,0,0,0,72.7,0.0,0,0.0,0,0,0,39,168,27432,0.0,0.0,1549.88,1153.9,751.8,1076.0,58.8,693.0,950.37,82.74,248.82,145.43,166.8,989.67,95.5,250.49,142.87,175.78,10.41,7.97,0.0,2.57,1.13,50986.0,9.92,9.13,0.0,2.33,1.37,51874.0,7.97,0,0,48.9
2022-03-04,324.68,0,0,6.12,0,0,0,180.14,180.56,0,0,0,0,45.71,0.0,0,0.0,0,0,0,0,488,28692,0.0,0.0,1526.28,1136.92,650.7,1059.0,57.8,592.9,947.13,83.72,250.87,148.94,166.87,1015.8,95.62,242.51,153.93,177.03,10.22,4.48,0.0,2.2,1.46,51452.0,10.15,9.27,0.0,2.78,1.12,52186.0,7.97,0,0,32.0
2022-03-05,438.73,0,0,7.1,0,0,0,175.8,174.34,0,0,0,0,23.7,0.0,0,0.0,0,0,0,0,96,28800,0.0,0.0,1499.02,1115.0,816.1,1040.0,57.0,759.1,946.56,82.6,249.15,146.48,163.63,1025.56,93.98,250.86,145.21,175.36,10.48,4.66,0.0,1.61,1.72,49202.0,10.59,9.62,0.0,2.37,0.64,49828.0,7.75,0,0,18.7
2022-03-06,0.0,0,0,0.0,0,0,0,165.87,168.51,0,0,0,0,0.0,0.0,0,0.0,0,0,0,0,87,27252,0.0,0.0,1483.91,1138.21,741.4,1053.0,58.5,682.9,990.84,82.69,248.78,151.13,163.88,977.14,94.17,250.11,143.76,175.75,10.74,5.17,0.24,1.98,1.7,48460.0,10.29,4.72,0.0,2.27,0.6,51098.0,7.75,0,0,0.7
2022-03-07,562.5,0,0,6.94,0,0,0,173.93,172.58,0,0,0,0,93.6,0.0,0,0.0,0,0,0,0,82,27936,0.0,0.0,1487.32,1329.33,735.2,1045.0,56.9,678.3,997.88,83.14,252.52,146.9,161.63,991.45,94.92,250.42,141.08,175.84,10.81,3.6,0.04,1.84,1.78,47840.0,10.01,6.38,0.0,1.85,0.62,52344.0,7.75,0,0,0.0
2022-03-08,373.51,0,0,7.09,0,0,0,177.74,179.09,0,0,0,0,69.24,0.0,0,0.0,0,0,0,0,109,27108,0.0,0.0,1491.28,898.96,715.0,1020.0,56.2,658.8,988.42,83.16,255.54,149.73,170.19,1012.64,94.78,255.33,143.32,175.52,10.67,4.44,0.0,1.36,1.4,48596.0,10.45,7.61,0.0,2.22,0.88,50306.0,7.85,0,0,49.3
2022-03-09,264.18,0,0,3.53,0,0,0,171.86,171.71,0,0,0,0,0.0,0.0,0,0.0,0,0,0,0,336,31248,0.0,0.0,1495.54,1093.61,711.7,1012.0,56.1,655.6,977.78,82.99,252.06,151.86,176.37,1000.36,94.99,252.17,145.33,175.51,10.74,4.57,0.0,0.95,1.27,48290.0,10.56,5.51,0.0,2.67,1.07,49978.0,7.65,0,0,9.9
2022-03-10,422.61,0,0,6.72,0,0,0,172.16,168.8,0,0,0,0,91.66,0.0,0,0.0,0,0,0,0,124,25416,0.0,0.0,1535.51,1126.92,733.6,1049.0,57.8,675.8,968.45,83.21,245.5,150.22,175.72,1007.51,95.16,251.4,143.61,174.96,10.68,3.75,0.0,1.25,1.34,49274.0,10.12,5.88,0.0,3.12,1.16,52046.0,8.19,0,0,55.9
2022-03-11,369.94,0,0,7.08,0,0,0,175.37,175.08,0,0,0,0,70.67,0.0,0,0.0,0,0,0,0,196,28080,0.0,0.0,1543.56,1099.62,715.4,1021.0,56.5,658.9,943.87,83.14,248.13,148.16,174.52,1017.99,95.65,246.82,142.71,173.66,10.8,4.34,0.0,1.86,1.47,49162.0,10.13,6.17,0.0,3.65,1.26,51048.0,7.67,0,0,22.5
2022-03-12,469.35,0,0,7.14,0,0,0,33.91,174.86,0,0,0,0,22.6,0.0,0,0.0,0,0,0,464,130,27576,0.0,0.0,1001.08,673.36,435.1,607.0,30.5,404.6,966.6,83.06,248.77,158.89,176.87,995.06,98.31,247.82,145.31,175.03,10.91,6.66,0.0,2.84,1.03,49744.0,10.0,6.61,0.0,3.95,1.39,52440.0,6.67,0,0,81.3
2022-03-13,0.0,0,0,0.0,0,0,0,0.0,178.1,0,0,0,0,0.0,0.0,0,0.0,0,0,0,0,34,21240,0.0,0.0,823.96,548.81,353.6,479.0,23.1,330.5,0.0,0.0,0.0,0.0,0.0,978.94,99.51,247.5,149.33,176.61,0.0,0.0,0.0,0.0,0.0,0.0,9.93,8.85,0.0,4.52,1.47,54064.0,6.67,0,0,14.8
2022-03-14,686.46,0,0,7.41,0,0,0,0.0,169.08,0,0,0,0,73.37,0.0,0,0.0,0,0,0,2109,159,25092,0.0,0.0,815.47,513.44,329.8,439.0,20.8,309.0,0.0,0.0,0.0,0.0,0.0,988.3,95.82,246.2,145.4,173.36,0.0,0.0,0.0,0.0,0.0,0.0,10.11,11.28,0.0,2.43,1.11,52448.0,6.67,0,0,23.6
2022-03-15,490.92,0,0,7.29,0,0,0,111.13,174.94,0,0,0,0,94.29,0.0,0,0.0,0,0,0,5672,434,27216,0.0,0.0,1269.82,885.46,574.6,809.0,42.2,532.4,966.83,84.29,246.07,152.58,175.48,1016.51,94.78,241.92,157.75,177.24,11.12,6.19,0.0,1.4,1.6,46782.0,10.71,12.93,0.0,3.76,1.03,51474.0,6.67,0,0,19.9
2022-03-16,404.19,0,0,6.62,0,0,0,176.54,172.5,0,0,0,0,48.35,0.0,0,0.0,0,10,0,0,126,25272,0.0,0.0,1467.09,1086.31,707.0,1013.0,54.9,652.1,966.01,84.68,245.96,151.59,175.26,973.39,85.89,247.41,147.36,175.48,10.79,5.02,0.0,2.13,1.51,48286.0,10.93,5.61,0.0,3.5,1.33,49924.0,7.97,0,0,40.5
2022-03-17,459.84,0,0,7.15,0,0,0,179.31,179.6,0,0,0,0,70.47,0.0,0,9.31,0,0,0,0,170,26928,0.0,0.0,1606.03,1176.8,766.3,1091.0,59.5,706.8,999.26,84.1,242.57,149.37,174.14,1006.8,85.94,241.95,148.41,174.82,10.08,3.76,0.0,2.68,1.19,53286.0,10.58,4.91,0.0,3.66,1.47,51794.0,7.91,0,0,16.1
2022-03-18,445.16,0,0,6.71,0,0,0,187.24,181.34,0,0,0,0,71.98,0.0,0,0.0,0,0,0,66,125,28224,0.0,0.0,1595.79,1179.03,767.5,1099.0,59.8,707.7,959.54,84.1,247.05,149.59,173.58,997.43,85.66,243.98,144.58,173.92,10.25,4.14,0.0,2.97,1.37,52862.0,10.5,4.99,0.0,2.9,1.47,52684.0,7.98,0,0,20.5
2022-03-19,509.0,0,0,6.63,0,0,0,184.99,179.47,0,0,0,0,44.74,0.0,0,0.0,0,0,0,0,95,27324,0.0,0.0,1489.62,1125.3,732.0,1044.0,55.6,676.4,923.14,84.96,250.39,151.67,176.55,967.23,87.0,239.24,143.53,176.23,10.63,3.35,0.0,1.77,2.12,50786.0,10.97,5.43,0.0,2.71,1.28,51648.0,7.98,0,0,15.1
2022-03-20,0.0,0,0,0.0,0,0,0,186.71,182.65,0,0,0,0,0.0,0.0,0,0.0,0,0,0,0,136,27324,0.0,0.0,1575.98,1199.98,781.4,1109.0,61.0,720.4,967.08,83.52,250.11,152.0,175.25,980.72,85.15,243.59,145.6,175.3,10.22,4.43,0.0,1.93,1.86,53080.0,10.59,5.4,0.0,2.8,1.33,53340.0,7.98,0,0,0.0
2022-03-21,0.0,0,0,7.16,0,0,0,184.65,183.91,0,0,0,0,48.37,0.0,0,0.0,0,0,0,0,173,26064,0.0,0.0,1620.5,1208.4,786.8,1129.0,60.8,726.0,979.93,82.52,249.96,151.64,173.91,1003.97,84.29,249.6,142.31,173.02,10.26,7.81,0.0,1.85,2.18,52740.0,10.61,7.0,0.0,2.02,1.0,52644.0,7.98,0,0,31.8
2022-03-22,0.0,0,0,6.8,0,0,0,191.37,179.86,0,0,0,0,48.88,0.0,0,0.0,0,0,0,0,291,24732,0.0,0.0,1580.53,1171.06,762.3,1083.0,59.5,702.8,942.65,83.24,247.59,154.07,174.82,975.79,86.21,250.66,142.17,173.83,10.38,13.05,0.0,2.23,1.61,52024.0,10.63,5.41,0.0,2.22,1.26,52228.0,7.98,0,0,54.7
2022-03-23,0.0,0,0,6.94,0,0,0,0.0,170.95,0,0,0,0,50.45,0.0,0,0.0,0,0,0,76,199,27684,0.0,0.0,775.63,536.78,345.2,458.0,22.9,322.3,0.0,0.0,0.0,0.0,0.0,940.62,87.67,245.79,144.04,175.25,0.0,0.0,0.0,0.0,0.0,0.0,10.71,6.03,0.02,2.75,1.09,50794.0,7.98,0,0,43.7
2022-03-24,0.0,0,0,6.04,0,0,0,0.0,180.14,0,0,0,0,71.51,0.0,0,0.0,0,0,0,0,225,19836,0.0,0.0,807.16,536.39,345.1,459.0,22.9,322.2,0.0,0.0,0.0,0.0,0.0,974.93,42.75,250.36,145.57,175.4,0.0,0.0,0.0,0.0,0.0,0.0,10.74,8.06,0.0,3.07,1.24,53092.0,7.79,0,0,54.1
2022-03-25,0.0,0,0,6.44,0,0,0,0.0,178.7,0,0,0,0,73.28,0.0,0,0.0,0,0,0,0,107,23544,0.0,0.0,806.26,532.32,342.6,465.0,23.2,319.4,0.0,0.0,0.0,0.0,0.0,960.4,22.41,252.96,144.46,174.4,0.0,0.0,0.0,0.0,0.0,0.0,10.73,6.85,0.0,2.85,1.62,51700.0,7.79,0,0,35.2
2022-03-26,0.0,0,0,2.88,0,0,0,0.0,180.18,0,0,0,0,0.0,0.0,0,0.0,0,0,0,0,106,21744,0.0,0.0,819.61,552.47,355.5,479.0,23.6,331.9,0.0,0.0,0.0,0.0,0.0,952.57,23.22,248.8,142.62,173.89,0.0,0.0,0.0,0.0,0.0,0.0,10.7,10.38,0.0,2.61,1.71,54638.0,7.74,0,0,0.0
2022-03-27,0.0,0,0,0.0,0,0,0,0.0,0.0,0,0,0,0,0.0,0.0,0,0.0,0,0,0,0,106,15696,0.0,0.0,73.34,55.28,35.5,51.0,2.5,33.0,0.0,0.0,0.0,0.0,0.0,0.0,0.0,0.0,0.0,0.0,0.0,0.0,0.0,0.0,0.0,0.0,0.0,0.0,0.0,0.0,0.0,0.0,7.74,0,0,0.0
2022-03-28,0.0,0,0,0.0,0,0,0,0.0,0.0,0,0,0,0,74.24,0.0,0,0.0,0,0,0,212,25,10224,0.0,0.0,0.0,0.0,0.0,0.0,0.0,0.0,0.0,0.0,0.0,0.0,0.0,0.0,0.0,0.0,0.0,0.0,0.0,0.0,0.0,0.0,0.0,0.0,0.0,0.0,0.0,0.0,0.0,0.0,7.89,0,0,22.7
2022-03-29,0.0,0,0,0.0,0,0,0,0.0,0.0,0,0,0,0,45.07,0.0,0,0.0,0,0,0,162,21,9432,0.0,0.0,0.0,0.0,0.0,0.0,0.0,0.0,0.0,0.0,0.0,0.0,0.0,0.0,0.0,0.0,0.0,0.0,0.0,0.0,0.0,0.0,0.0,0.0,0.0,0.0,0.0,0.0,0.0,0.0,7.89,0,0,35.4
2022-03-30,0.0,0,0,0.0,0,0,0,0.0,0.0,0,0,0,0,75.53,0.0,0,0.0,0,0,0,414,23,9504,0.0,0.0,0.0,0.0,0.0,0.0,0.0,0.0,0.0,0.0,0.0,0.0,0.0,0.0,0.0,0.0,0.0,0.0,0.0,0.0,0.0,0.0,0.0,0.0,0.0,0.0,0.0,0.0,0.0,0.0,7.89,0,0,27.9
2022-03-31,0.0,0,0,0.0,0,0,0,0.0,0.0,0,0,0,0,74.69,0.0,0,9.12,0,0,0,618,112,10008,0.0,0.0,0.0,0.0,0.0,0.0,0.0,0.0,0.0,0.0,0.0,0.0,0.0,0.0,0.0,0.0,0.0,0.0,0.0,0.0,0.0,0.0,0.0,0.0,0.0,0.0,0.0,0.0,0.0,0.0,7.37,0,0,51.3
2022-04-01,0.0,0,0,0.0,0,0,0,0.0,0.0,0,0,0,0,0.0,0.0,0,0.0,0,0,0,313,25,10116,0.0,0.0,0.0,0.0,0.0,0.0,0.0,0.0,0.0,0.0,0.0,0.0,0.0,0.0,0.0,0.0,0.0,0.0,0.0,0.0,0.0,0.0,0.0,0.0,0.0,0.0,0.0,0.0,0.0,0.0,7.86,0,0,33.3
2022-04-02,0.0,0,0,0.0,0,0,0,0.0,0.0,0,0,0,0,0.0,0.0,0,0.0,0,0,0,602,27,9540,0.0,0.0,0.0,0.0,0.0,0.0,0.0,0.0,0.0,0.0,0.0,0.0,0.0,0.0,0.0,0.0,0.0,0.0,0.0,0.0,0.0,0.0,0.0,0.0,0.0,0.0,0.0,0.0,0.0,0.0,7.88,0,0,19.7
2022-04-03,0.0,0,0,0.0,0,0,0,0.0,0.0,0,0,0,0,0.0,0.0,0,0.0,0,0,0,700,2,10980,0.0,0.0,0.0,0.0,0.0,0.0,0.0,0.0,0.0,0.0,0.0,0.0,0.0,0.0,0.0,0.0,0.0,0.0,0.0,0.0,0.0,0.0,0.0,0.0,0.0,0.0,0.0,0.0,0.0,0.0,7.88,0,0,0.0
2022-04-04,0.0,0,0,0.0,0,0,0,0.0,0.0,0,0,0,0,0.0,0.0,0,0.0,0,0,0,736,27,9036,0.0,0.0,0.0,0.0,0.0,0.0,0.0,0.0,0.0,0.0,0.0,0.0,0.0,0.0,0.0,0.0,0.0,0.0,0.0,0.0,0.0,0.0,0.0,0.0,0.0,0.0,0.0,0.0,0.0,0.0,7.88,0,0,0.0
2022-04-05,0.0,0,0,0.0,0,0,0,0.0,0.0,0,0,0,0,0.0,0.0,0,0.0,0,0,0,481,32,8496,0.0,0.0,0.0,0.0,0.0,0.0,0.0,0.0,0.0,0.0,0.0,0.0,0.0,0.0,0.0,0.0,0.0,0.0,0.0,0.0,0.0,0.0,0.0,0.0,0.0,0.0,0.0,0.0,0.0,0.0,7.88,0,0,22.2
2022-04-06,0.0,0,0,0.0,0,0,0,0.0,0.0,0,0,0,0,0.0,0.0,0,0.0,0,0,29931,744,236,9576,0.0,0.0,0.0,0.0,0.0,0.0,0.0,0.0,0.0,0.0,0.0,0.0,0.0,0.0,0.0,0.0,0.0,0.0,0.0,0.0,0.0,0.0,0.0,0.0,0.0,0.0,0.0,0.0,0.0,0.0,7.88,0,0,22.0
2022-04-07,0.0,0,0,0.0,0,0,0,0.0,0.0,0,0,0,0,0.0,0.0,0,0.0,0,0,0,356,0,7740,0.0,0.0,0.0,0.0,0.0,0.0,0.0,0.0,0.0,0.0,0.0,0.0,0.0,0.0,0.0,0.0,0.0,0.0,0.0,0.0,0.0,0.0,0.0,0.0,0.0,0.0,0.0,0.0,0.0,0.0,7.88,0,0,37.9
2022-04-08,0.0,0,0,0.0,0,0,0,0.0,0.0,0,0,0,0,0.0,0.0,0,0.0,0,0,0,484,43,9036,0.0,0.0,0.0,0.0,0.0,0.0,0.0,0.0,0.0,0.0,0.0,0.0,0.0,0.0,0.0,0.0,0.0,0.0,0.0,0.0,0.0,0.0,0.0,0.0,0.0,0.0,0.0,0.0,0.0,0.0,7.88,0,0,13.9
2022-04-09,0.0,0,0,0.0,0,0,0,0.0,0.0,0,0,0,0,0.0,0.0,0,0.0,0,0,0,566,8,9468,0.0,0.0,0.0,0.0,0.0,0.0,0.0,0.0,0.0,0.0,0.0,0.0,0.0,0.0,0.0,0.0,0.0,0.0,0.0,0.0,0.0,0.0,0.0,0.0,0.0,0.0,0.0,0.0,0.0,0.0,7.79,0,0,0.0
2022-04-10,0.0,0,0,0.0,0,0,0,0.0,0.0,0,0,0,0,0.0,0.0,0,0.0,0,0,0,700,37,8244,0.0,0.0,0.0,0.0,0.0,0.0,0.0,0.0,0.0,0.0,0.0,0.0,0.0,0.0,0.0,0.0,0.0,0.0,0.0,0.0,0.0,0.0,0.0,0.0,0.0,0.0,0.0,0.0,0.0,0.0,7.84,0,0,0.0
2022-04-11,0.0,0,0,0.0,0,0,0,0.0,0.0,0,0,0,0,0.0,0.0,0,0.0,0,0,0,708,49,8028,0.0,0.0,0.0,0.0,0.0,0.0,0.0,0.0,0.0,0.0,0.0,0.0,0.0,0.0,0.0,0.0,0.0,0.0,0.0,0.0,0.0,0.0,0.0,0.0,0.0,0.0,0.0,0.0,0.0,0.0,7.84,0,0,0.0
2022-04-12,0.0,0,0,0.0,0,0,0,0.0,0.0,0,0,0,0,0.0,0.0,0,0.0,0,0,0,609,380,10044,0.0,0.0,0.0,0.0,0.0,0.0,0.0,0.0,0.0,0.0,0.0,0.0,0.0,0.0,0.0,0.0,0.0,0.0,0.0,0.0,0.0,0.0,0.0,0.0,0.0,0.0,0.0,0.0,0.0,0.0,7.84,0,0,12.2
2022-04-13,0.0,0,0,0.0,0,0,0,0.0,0.0,0,0,0,0,0.0,0.0,0,0.0,0,0,0,694,176,10044,0.0,0.0,0.0,0.0,0.0,0.0,0.0,0.0,0.0,0.0,0.0,0.0,0.0,0.0,0.0,0.0,0.0,0.0,0.0,0.0,0.0,0.0,0.0,0.0,0.0,0.0,0.0,0.0,0.0,0.0,7.84,0,0,14.9
2022-04-14,0.0,0,0,0.0,0,0,0,0.0,0.0,0,0,0,0,0.0,0.0,0,0.0,0,0,0,604,32,8856,0.0,0.0,0.0,0.0,0.0,0.0,0.0,0.0,0.0,0.0,0.0,0.0,0.0,0.0,0.0,0.0,0.0,0.0,0.0,0.0,0.0,0.0,0.0,0.0,0.0,0.0,0.0,0.0,0.0,0.0,7.86,0,0,20.2
2022-04-15,0.0,0,0,0.0,0,0,0,0.0,0.0,0,0,0,0,0.0,0.0,0,0.0,0,200,0,579,110,6624,0.0,0.0,0.0,0.0,0.0,0.0,0.0,0.0,0.0,0.0,0.0,0.0,0.0,0.0,0.0,0.0,0.0,0.0,0.0,0.0,0.0,0.0,0.0,0.0,0.0,0.0,0.0,0.0,0.0,0.0,7.86,0,0,3.0
2022-04-16,0.0,0,0,0.0,0,0,0,0.0,0.0,0,0,0,0,0.0,0.0,0,0.0,0,0,0,528,61,7740,0.0,0.0,0.0,0.0,0.0,0.0,0.0,0.0,0.0,0.0,0.0,0.0,0.0,0.0,0.0,0.0,0.0,0.0,0.0,0.0,0.0,0.0,0.0,0.0,0.0,0.0,0.0,0.0,0.0,0.0,7.86,0,0,0.0
2022-04-17,0.0,0,0,0.0,0,0,0,0.0,0.0,0,0,0,0,0.0,0.0,0,0.0,0,0,0,648,18,9036,0.0,0.0,0.0,0.0,0.0,0.0,0.0,0.0,0.0,0.0,0.0,0.0,0.0,0.0,0.0,0.0,0.0,0.0,0.0,0.0,0.0,0.0,0.0,0.0,0.0,0.0,0.0,0.0,0.0,0.0,8.0,0,0,44.6
2022-04-18,0.0,0,0,0.0,0,0,0,0.0,0.0,0,0,0,0,0.0,0.0,0,0.0,0,0,0,710,88,8676,0.0,0.0,0.0,0.0,0.0,0.0,0.0,0.0,0.0,0.0,0.0,0.0,0.0,0.0,0.0,0.0,0.0,0.0,0.0,0.0,0.0,0.0,0.0,0.0,0.0,0.0,0.0,0.0,0.0,0.0,8.05,0,0,21.5
2022-04-19,0.0,0,0,0.0,0,0,0,0.0,0.0,0,0,0,0,0.0,0.0,0,0.0,0,0,0,739,107,9036,0.0,0.0,0.0,0.0,0.0,0.0,0.0,0.0,0.0,0.0,0.0,0.0,0.0,0.0,0.0,0.0,0.0,0.0,0.0,0.0,0.0,0.0,0.0,0.0,0.0,0.0,0.0,0.0,0.0,0.0,8.05,0,0,54.3
2022-04-20,0.0,0,0,0.0,0,0,0,0.0,0.0,0,0,0,0,0.0,0.0,0,0.0,0,0,0,598,32,8388,0.0,0.0,0.0,0.0,0.0,0.0,0.0,0.0,0.0,0.0,0.0,0.0,0.0,0.0,0.0,0.0,0.0,0.0,0.0,0.0,0.0,0.0,0.0,0.0,0.0,0.0,0.0,0.0,0.0,0.0,8.05,0,0,24.9
2022-04-21,0.0,0,0,0.0,0,0,0,0.0,0.0,0,0,0,0,0.0,0.0,0,0.0,0,0,0,920,90,8496,0.0,0.0,0.0,0.0,0.0,0.0,0.0,0.0,0.0,0.0,0.0,0.0,0.0,0.0,0.0,0.0,0.0,0.0,0.0,0.0,0.0,0.0,0.0,0.0,0.0,0.0,0.0,0.0,0.0,0.0,8.05,0,0,24.8
2022-04-22,0.0,0,0,0.0,0,0,0,0.0,0.0,0,0,0,0,0.0,0.0,0,0.0,0,0,0,348,126,10728,0.0,0.0,0.0,0.0,0.0,0.0,0.0,0.0,0.0,0.0,0.0,0.0,0.0,0.0,0.0,0.0,0.0,0.0,0.0,0.0,0.0,0.0,0.0,0.0,0.0,0.0,0.0,0.0,0.0,0.0,8.26,0,0,19.1
2022-04-23,0.0,0,0,0.0,0,0,0,0.0,0.0,0,0,0,0,0.0,0.0,0,0.0,0,0,0,652,38,8028,0.0,0.0,0.0,0.0,0.0,0.0,0.0,0.0,0.0,0.0,0.0,0.0,0.0,0.0,0.0,0.0,0.0,0.0,0.0,0.0,0.0,0.0,0.0,0.0,0.0,0.0,0.0,0.0,0.0,0.0,8.26,0,0,22.3
2022-04-24,0.0,0,0,0.0,0,0,0,0.0,0.0,0,0,0,0,0.0,0.0,0,0.0,0,0,0,559,72,9432,0.0,0.0,0.0,0.0,0.0,0.0,0.0,0.0,0.0,0.0,0.0,0.0,0.0,0.0,0.0,0.0,0.0,0.0,0.0,0.0,0.0,0.0,0.0,0.0,0.0,0.0,0.0,0.0,0.0,0.0,8.26,0,0,0.0
2022-04-25,690.72,0,0,0.0,0,0,0,0.0,0.0,0,0,0,0,0.0,0.0,0,0.0,0,0,0,696,50,10800,0.0,0.0,0.0,0.0,0.0,0.0,0.0,0.0,0.0,0.0,0.0,0.0,0.0,0.0,0.0,0.0,0.0,0.0,0.0,0.0,0.0,0.0,0.0,0.0,0.0,0.0,0.0,0.0,0.0,0.0,8.19,0,0,21.6
2022-04-26,524.71,0,0,0.0,0,0,0,0.0,0.0,0,0,0,0,0.0,0.0,0,0.0,0,0,27935,2305,36,10044,0.0,0.0,0.0,0.0,0.0,0.0,0.0,0.0,0.0,0.0,0.0,0.0,0.0,0.0,0.0,0.0,0.0,0.0,0.0,0.0,0.0,0.0,0.0,0.0,0.0,0.0,0.0,0.0,0.0,0.0,8.28,0,0,0.0
2022-04-27,290.14,0,0,6.02,0,0,0,116.41,0.0,0,0,0,0,0.0,0.0,0,0.0,0,0,0,4768,164,17676,0.0,0.0,638.9,162.16,103.6,118.0,4.9,98.7,973.62,27.52,217.31,148.74,175.43,0.0,0.0,0.0,0.0,0.0,11.15,10.69,0.0,2.47,0.79,47085.3,0.0,0.0,0.0,0.0,0.0,0.0,8.19,0,0,15.8
2022-04-28,319.11,0,0,6.63,0,0,0,174.33,0.0,0,0,0,0,0.0,0.0,0,0.0,0,0,0,1715,155,19764,0.0,0.0,636.66,358.22,229.4,288.0,13.8,215.6,1000.74,27.82,234.99,148.75,171.16,0.0,0.0,0.0,0.0,0.0,11.31,7.65,0.0,2.42,0.55,45538.0,0.0,0.0,0.0,0.0,0.0,0.0,8.07,0,0,61.3
2022-04-29,428.27,0,0,6.44,0,0,0,184.99,131.61,0,0,0,0,0.0,0.0,0,0.0,0,0,0,4220,131,26100,0.0,0.0,1204.49,811.73,516.7,737.0,41.1,475.6,1009.08,27.33,239.67,149.02,169.04,948.41,98.15,237.14,145.64,174.28,10.64,2.87,0.0,1.63,0.74,49278.0,10.88,6.56,0.0,1.51,0.93,50629.0,8.25,0,0,66.2
2022-04-30,485.34,0,0,5.91,0,0,0,176.9,172.79,0,0,0,0,0.0,0.0,0,0.0,0,0,0,0,228,26388,0.0,0.0,1468.16,1090.09,720.9,1032.0,67.3,653.6,1003.02,27.41,240.93,149.25,167.28,958.69,99.09,237.13,146.2,174.88,10.91,4.06,0.0,0.39,0.79,49426.0,11.03,6.83,0.0,1.67,1.06,49688.0,8.25,0,0,27.9
2022-05-01,0.0,0,0,0.0,0,0,0,121.01,167.53,0,0,0,0,0.0,0.0,0,0.0,0,0,0,0,73,23292,0.0,0.0,1251.51,964.06,627.8,904.0,58.4,569.4,984.72,26.65,242.73,149.41,165.14,954.49,98.29,243.29,146.35,174.4,11.15,3.8,0.0,0.4,0.65,48245.0,11.09,6.86,0.0,1.54,1.23,49164.0,8.25,0,0,57.0
2022-05-02,569.55,0,0,7.3,0,0,0,133.74,172.83,0,0,0,0,47.92,0.0,0,0.0,0,0,0,69,102,23652,0.0,0.0,1283.91,923.25,601.0,870.0,54.5,546.5,963.62,28.42,253.49,144.61,168.46,946.02,99.5,235.33,144.01,174.28,10.4,4.64,0.0,0.87,0.89,49038.0,10.87,5.65,0.0,1.72,1.13,48938.0,8.25,0,0,38.4
2022-05-03,328.44,0,0,9.03,0,0,0,178.31,177.57,0,0,0,0,44.6,0.0,0,0.0,0,0,0,0,131,24372,0.0,0.0,1405.07,1060.85,691.4,999.0,65.4,626.0,949.69,28.13,246.24,145.08,167.15,953.0,99.38,244.33,143.69,174.98,10.69,3.72,0.0,2.24,0.77,48568.0,10.81,4.89,0.0,1.03,0.96,48482.0,7.67,0,0,14.5
2022-05-04,334.81,0,0,6.27,0,0,0,164.17,163.73,0,0,0,0,45.48,0.0,0,0.0,0,10,0,0,223,25812,0.0,0.0,1410.85,1065.86,695.0,1005.0,66.4,628.6,993.96,28.49,235.44,144.14,164.88,950.39,98.25,244.8,142.11,175.3,10.81,4.03,0.0,1.19,0.81,48030.0,10.82,5.42,0.0,0.88,0.86,49860.0,8.34,0,0,0.0
2022-05-05,259.01,0,0,2.94,0,0,0,177.19,169.28,0,0,0,0,0.0,0.0,0,0.0,0,0,0,0,456,26028,0.0,0.0,1426.86,1097.61,715.8,1036.0,70.6,645.2,989.66,29.39,235.39,144.83,164.89,972.03,98.26,240.09,143.54,175.77,10.49,2.96,0.0,0.41,0.92,49232.0,10.79,5.22,0.0,0.44,0.83,49864.0,8.39,0,0,0.0
2022-05-06,440.04,0,0,6.78,0,0,0,168.54,162.13,0,0,0,0,47.61,0.0,0,0.0,0,0,0,0,129,29268,0.0,0.0,1412.96,1061.75,691.7,1000.0,66.5,625.2,1007.89,30.39,240.45,152.39,176.45,956.55,66.83,234.06,147.57,175.33,10.8,3.24,0.0,0.53,1.65,48164.0,11.11,6.08,0.0,0.54,1.01,48684.0,8.45,0,0,36.1
2022-05-07,484.17,0,0,7.91,0,0,0,182.72,177.35,0,0,0,0,0.0,0.0,0,0.0,0,0,0,0,93,23796,0.0,0.0,1456.11,1120.55,731.0,1063.0,71.1,659.9,1001.75,29.96,253.65,150.68,178.1,979.69,30.06,229.25,147.94,176.84,10.74,2.88,0.0,1.11,1.72,49898.0,11.07,6.29,0.0,0.57,0.99,51034.0,8.45,0,0,44.5
2022-05-08,0.0,0,0,0.0,0,0,0,182.05,181.34,0,0,0,0,0.0,0.0,0,0.0,0,0,0,0,101,26064,0.0,0.0,1472.33,1170.2,763.7,1117.0,75.5,688.2,1038.83,29.28,250.15,143.58,176.9,953.48,29.17,234.6,151.08,177.7,10.41,2.92,0.0,0.56,1.42,49884.0,11.01,5.68,0.0,0.83,0.93,51960.0,8.53,0,0,0.0
2022-05-09,613.01,0,0,7.18,0,0,0,167.15,168.91,0,0,0,0,43.21,0.0,0,0.0,0,0,0,0,630,26388,0.0,0.0,1452.08,1127.58,735.6,1063.0,71.9,663.7,1002.08,29.92,254.11,146.91,177.06,976.76,29.86,236.55,148.22,176.7,10.56,3.08,0.0,0.43,1.11,48712.0,10.94,5.31,0.0,0.56,1.09,51486.0,8.53,0,0,50.0
2022-05-10,342.77,0,0,8.81,0,0,0,174.71,168.48,0,0,0,0,69.89,0.0,0,0.0,0,0,0,0,141,26780,0.0,0.0,1451.13,1122.11,731.9,1066.0,71.9,660.0,985.13,30.64,255.67,149.8,178.21,970.57,30.82,235.28,146.0,176.85,10.58,2.95,0.0,0.71,1.54,49022.0,10.92,5.66,0.0,0.38,0.9,51594.0,8.53,0,0,42.4
2022-05-11,327.08,0,0,5.92,0,0,0,176.43,175.98,0,0,0,0,67.27,0.0,0,0.0,0,10,0,0,232,26460,0.0,0.0,1447.86,1117.93,729.2,1062.0,71.5,657.7,1021.06,30.96,254.98,152.29,178.5,972.24,31.14,237.55,146.65,176.69,10.6,3.43,0.0,1.03,1.81,49174.0,10.89,5.43,0.0,0.45,0.81,51474.0,8.53,0,0,20.9
2022-05-12,366.82,0,0,6.3,0,0,0,179.64,179.97,0,0,0,0,68.79,0.0,0,0.0,0,0,0,0,132,27000,0.0,0.0,1476.05,1140.73,744.3,1089.0,73.9,670.4,1027.63,31.23,251.07,146.24,176.83,959.25,31.29,237.92,147.46,176.28,10.13,3.16,0.0,0.81,1.41,51248.0,10.68,4.91,0.0,0.56,0.81,53028.0,8.13,0,0,49.8
2022-05-13,298.98,0,0,6.37,0,0,0,185.01,175.1,0,0,0,0,70.85,0.0,0,0.0,0,0,0,88,131,26856,0.0,0.0,1452.24,1103.2,719.6,1050.0,70.9,648.7,1013.31,31.42,250.93,148.12,176.26,963.75,31.71,244.89,149.96,176.03,10.45,5.63,0.02,0.5,1.14,49568.0,10.7,4.81,0.0,0.66,0.74,50948.0,8.41,0,0,27.1
2022-05-14,496.66,0,0,6.76,0,0,0,154.67,159.25,0,0,0,0,0.0,0.0,0,0.0,0,0,0,0,170,29736,0.0,0.0,1411.62,1064.03,693.6,1011.0,68.5,625.1,931.04,30.53,250.51,145.95,175.84,943.97,30.64,250.24,147.91,175.46,10.66,7.85,0.0,0.39,1.2,48742.0,11.02,5.02,0.0,0.57,0.9,48348.0,8.5,0,0,20.7
2022-05-15,0.0,0,0,0.0,0,0,0,183.16,182.83,0,0,0,0,0.0,0.0,0,0.0,0,0,0,0,340,21630,0.0,0.0,1445.35,1152.05,751.8,1103.0,74.8,677.0,950.62,29.82,251.92,151.04,177.7,946.67,29.74,250.62,151.01,177.08,10.46,2.99,0.0,0.75,0.79,50612.0,11.0,4.94,0.0,0.9,0.96,50610.0,8.52,0,0,11.2
2022-05-16,539.68,0,0,7.33,0,0,0,172.13,171.86,0,0,0,0,62.27,0.0,0,0.0,0,0,0,0,208,25812,0.0,0.0,1456.47,1111.36,725.0,1061.0,70.7,654.3,965.08,30.31,249.02,146.14,176.15,943.78,30.36,253.45,143.94,175.11,10.32,4.34,0.01,0.41,0.65,50118.0,10.87,4.59,0.0,0.58,1.07,50104.0,8.51,0,0,23.0
2022-05-17,347.06,0,0,8.37,0,0,0,168.95,166.87,0,0,0,0,71.67,0.0,0,0.0,0,0,0,0,291,27504,0.0,0.0,1455.49,1118.15,729.4,1063.0,72.4,657.0,967.7,31.0,250.19,144.87,176.89,952.97,31.25,244.71,145.68,175.93,10.69,5.72,0.0,0.66,0.5,48758.0,10.51,4.34,0.0,0.56,0.83,51320.0,8.51,0,0,49.0
2022-05-18,326.41,0,0,5.58,0,0,0,168.11,165.08,0,0,0,0,69.36,0.0,0,0.0,0,10,0,0,254,27072,0.0,0.0,1429.38,1098.85,716.6,1047.0,70.3,646.3,947.0,31.29,255.03,147.44,177.22,961.27,31.45,258.36,144.15,175.9,10.93,6.75,0.0,0.39,0.59,48146.0,10.86,5.39,0.0,0.4,0.78,50144.0,8.51,0,0,3.3
2022-05-19,364.36,0,0,6.67,0,0,0,175.08,173.85,0,0,0,0,48.42,0.0,0,0.0,0,0,0,0,289,25704,0.0,0.0,1423.16,1101.2,718.2,1039.0,70.1,648.1,934.84,31.34,252.35,142.97,177.02,972.72,31.42,254.06,151.08,177.43,10.57,10.75,0.0,0.34,1.01,48196.0,10.81,5.18,0.0,0.56,0.79,50816.0,8.46,0,0,0.0
2022-05-20,401.29,0,0,5.53,0,0,0,177.47,177.33,0,0,0,0,44.85,0.0,0,0.0,0,0,0,0,205,26532,0.0,0.0,1494.66,1146.92,748.5,1093.0,73.6,674.9,955.47,31.76,250.84,142.26,175.65,976.33,31.81,255.51,145.16,175.3,10.15,4.89,0.0,0.6,1.15,49970.0,10.55,4.39,0.0,0.23,0.73,52536.0,8.31,0,0,36.0
2022-05-21,503.74,0,0,6.94,0,0,0,170.32,170.71,0,0,0,0,23.17,0.0,0,0.0,0,0,0,0,119,26064,0.0,0.0,1426.08,1098.38,716.3,1043.0,716.3,645.7,954.53,31.78,248.43,145.91,176.7,957.27,32.08,246.2,144.76,175.97,10.34,6.19,0.0,0.36,1.15,48620.0,10.3,3.89,0.0,0.16,0.77,51528.0,8.23,0,0,33.0
2022-05-22,0.0,0,0,0.0,0,0,0,171.72,170.75,0,0,0,0,0.0,0.0,0,0.0,0,0,0,0,318,24516,0.0,0.0,1398.38,1127.59,735.8,1071.0,72.2,663.6,969.0,31.26,252.57,143.96,178.68,952.23,31.55,249.75,146.68,178.07,10.33,5.62,0.0,0.39,1.0,49218.0,10.3,3.87,0.0,0.26,0.82,51510.0,8.2,0,0,3.0
2022-05-23,655.13,0,0,7.65,0,0,0,167.0,167.28,0,0,0,0,50.67,0.0,0,0.0,0,0,0,0,334,25740,0.0,0.0,1461.98,1128.59,736.4,1073.0,71.8,664.6,969.93,32.59,254.08,148.92,177.92,955.95,32.72,255.61,143.26,176.13,10.08,1.88,0.0,0.99,1.17,50270.0,10.38,4.28,0.0,0.23,0.74,51764.0,8.23,0,0,7.7
2022-05-24,365.69,0,0,8.5,0,0,0,162.13,178.21,0,0,0,0,92.93,0.0,0,0.0,0,0,0,0,105,26316,0.0,0.0,1430.69,1081.96,705.4,1025.0,69.1,636.3,950.76,33.0,239.8,149.57,176.48,957.9,32.81,255.05,148.91,175.63,10.61,6.26,2.71,2.74,1.56,45374.0,10.53,4.41,0.0,0.35,0.65,52068.0,8.04,0,0,26.2
2022-05-25,391.05,0,0,6.4,0,0,0,171.85,170.59,0,0,0,0,98.06,0.0,0,0.0,0,10,0,0,286,28152,0.0,0.0,1467.35,1126.44,734.4,1066.0,73.5,660.9,974.67,32.6,250.03,146.37,176.5,955.92,32.63,250.79,144.58,175.52,10.16,4.21,0.0,0.18,1.53,49028.0,10.66,4.67,0.0,0.2,0.77,52012.0,8.04,0,0,41.0
2022-05-26,386.21,0,0,6.19,0,0,0,164.28,166.04,0,0,0,0,73.7,0.0,0,0.0,0,0,0,0,262,26208,0.0,0.0,1453.17,1122.11,731.7,1065.0,73.5,658.2,943.47,31.75,250.69,146.09,175.94,982.29,31.96,253.02,148.88,176.49,10.36,4.29,0.0,0.35,0.81,52392.0,10.38,8.37,0.0,0.11,1.56,48578.0,8.04,0,0,38.1
2022-05-27,462.86,0,0,5.67,0,0,0,173.56,172.15,0,0,0,0,69.69,0.0,0,0.0,0,0,0,0,176,26100,0.0,0.0,1486.26,1139.81,743.4,1078.0,74.1,699.3,1022.65,31.76,246.48,147.53,176.21,961.69,31.84,252.65,150.85,176.24,10.24,8.97,0.0,0.49,1.36,49658.0,10.43,4.75,0.0,0.45,1.06,53460.0,8.04,0,0,40.6
2022-05-28,559.61,0,0,6.98,0,0,0,172.76,171.63,0,0,0,0,23.29,0.0,0,0.0,0,0,0,0,361,25992,0.0,0.0,1493.9,1150.3,750.5,1086.0,74.3,676.2,1016.31,32.43,246.2,144.5,175.85,955.17,32.28,255.05,147.11,175.68,9.99,6.96,0.0,0.32,1.33,0.0,10.51,4.63,0.0,0.2,1.19,0.0,8.17,0,0,15.5
2022-05-29,0.0,0,0,0.0,0,0,0,177.33,178.38,0,0,0,0,0.0,0.0,0,0.0,0,0,0,0,145,25704,0.0,0.0,1572.25,1150.3,750.5,1086.0,74.3,676.2,950.11,32.46,247.81,150.01,176.53,968.71,32.75,252.87,151.86,176.66,9.84,6.05,0.0,0.76,1.34,0.0,9.94,4.53,0.01,0.68,1.01,0.0,8.43,0,0,3.4
2022-05-30,606.46,0,0,8.01,0,0,0,178.56,174.36,0,0,0,0,99.75,0.0,0,0.0,0,0,0,0,116,26064,0.0,0.0,1583.19,1215.5,793.0,1151.0,79.2,713.8,960.6,32.48,249.88,150.29,175.77,955.83,32.82,250.36,155.98,176.36,9.91,5.85,0.0,0.86,1.39,0.0,9.76,4.7,0.0,0.74,0.77,0.0,8.28,0,0,36.6
2022-05-31,394.06,0,0,8.49,0,0,0,178.55,178.78,0,0,0,0,120.07,0.0,0,0.0,0,0,0,0,261,28404,0.0,0.0,1572.01,1218.14,794.9,1163.0,80.0,714.9,980.06,32.21,250.1,151.1,176.84,959.48,32.63,247.62,156.4,177.51,9.79,8.1,0.0,0.46,1.48,0.0,10.07,4.24,0.0,0.63,0.65,0.0,8.24,0,0,3.9
2022-06-01,330.85,0,0,2.5,0,0,0,179.49,175.26,0,0,0,0,0.0,0.0,0,0.0,0,10,0,0,487,27432,0.0,0.0,1551.89,1222.59,797.9,1160.0,80.2,717.7,1003.33,32.69,249.74,151.05,176.87,986.0,32.98,250.23,153.57,177.18,10.0,12.96,0.01,0.58,1.36,0.0,10.28,5.53,0.0,0.53,0.68,0.0,8.43,0,0,0.0
2022-06-02,480.29,0,0,7.87,0,0,0,172.42,179.08,0,0,0,0,95.37,0.0,0,0.0,0,0,0,0,167,28044,0.0,0.0,1537.55,1187.58,775.0,1127.0,77.0,698.0,1038.53,32.89,250.56,151.79,176.53,969.43,33.15,245.9,142.47,174.36,10.45,12.25,0.0,0.66,1.5,0.0,10.11,4.32,0.0,0.19,0.55,0.0,8.21,0,0,69.0
2022-06-03,368.04,0,0,7.99,0,0,0,143.46,163.4,0,0,0,0,71.1,0.0,0,8.14,0,0,0,1018,290,28224,0.0,0.0,1425.77,1087.93,709.0,1034.0,70.4,638.6,1047.09,33.78,245.37,146.02,176.57,1026.43,33.97,250.69,145.08,175.45,11.74,31.31,0.0,0.83,1.74,0.0,10.31,7.24,0.0,0.15,1.44,0.0,8.43,0,0,44.8
2022-06-04,572.56,0,0,7.68,0,0,0,169.09,170.87,0,0,0,0,24.97,0.0,0,0.0,0,0,0,65,121,26028,0.0,0.0,1395.79,1063.72,693.0,999.0,70.9,622.1,1043.14,34.15,249.28,145.77,177.15,1000.93,34.15,250.59,145.74,176.45,11.47,15.69,0.0,0.89,1.83,0.0,10.54,7.27,0.0,0.15,2.07,0.0,8.13,0,0,53.7
2022-06-05,0.0,0,0,0.0,0,0,0,173.22,171.57,0,0,0,0,0.0,0.0,0,0.0,0,0,0,0,89,26100,0.0,0.0,1510.01,1188.3,792.6,1160.0,81.2,711.4,1028.93,34.06,251.14,145.35,177.2,1018.73,34.04,255.21,145.33,176.63,10.12,7.45,0.0,1.03,1.36,0.0,10.19,6.01,0.0,0.22,2.09,0.0,8.13,0,0,0.0
2022-06-06,640.15,0,0,1.21,0,0,0,170.39,171.14,0,0,0,0,0.0,0.0,0,0.0,0,0,0,0,522,25560,0.0,0.0,1505.39,1166.71,778.2,1138.0,78.3,699.9,1021.9,33.29,251.1,146.71,176.26,1020.14,33.44,257.32,144.52,175.08,10.32,13.79,0.0,0.34,1.88,0.0,10.15,7.06,0.0,0.03,1.79,0.0,8.13,0,0,0.0
2022-06-07,496.28,0,0,0.0,0,0,0,171.7,174.55,0,0,0,0,94.99,0.0,0,0.0,0,0,0,0,85,25200,0.0,0.0,1462.82,1125.03,769.2,1121.0,76.2,677.1,1014.59,33.01,245.44,146.64,176.28,1011.73,33.18,247.68,148.58,175.86,11.05,8.52,0.0,0.5,2.11,0.0,10.14,6.81,0.0,0.15,1.76,0.0,8.41,0,0,39.7
2022-06-08,354.15,0,0,7.66,0,0,0,180.72,180.96,0,0,0,0,122.75,0.0,0,0.0,0,10,0,0,214,27576,0.0,0.0,1535.2,1153.22,769.2,1153.22,76.2,693.0,1005.23,33.17,246.14,147.79,176.31,922.45,33.31,249.18,146.03,175.76,10.41,9.37,0.0,0.93,1.91,0.0,10.17,4.67,0.0,0.17,1.77,0.0,8.38,0,0,30.1
2022-06-09,373.89,0,0,7.03,0,0,0,182.85,183.42,0,0,0,0,166.83,0.0,0,0.0,0,0,0,0,132,29916,0.0,0.0,1561.64,1198.05,799.1,1172.0,82.0,717.1,1015.11,33.16,250.05,145.98,176.16,920.52,33.12,248.9,144.77,175.34,10.02,9.73,0.0,1.18,1.86,0.0,10.08,4.73,0.0,0.04,1.76,0.0,8.38,0,0,51.4
2022-06-10,420.48,0,0,6.95,0,0,0,173.92,188.95,0,0,0,0,68.19,0.0,0,0.0,0,0,0,0,203,30096,0.0,0.0,1569.43,1191.0,794.4,1164.0,83.6,710.8,1013.87,32.68,250.67,147.28,175.57,931.09,32.65,244.84,148.55,175.47,10.33,8.25,0.0,0.9,1.63,49648.0,10.01,4.89,0.0,0.12,1.56,56846.0,8.38,0,0,44.9
2022-06-11,545.19,0,0,7.12,0,0,0,179.12,185.61,0,0,0,0,0.0,0.0,0,0.0,0,0,0,0,144,28908,0.0,0.0,1568.6,1196.1,797.8,1162.0,83.3,714.5,988.6,33.56,251.37,152.1,176.82,952.36,33.4,242.9,148.51,175.7,10.53,5.78,0.0,1.11,1.15,50590.0,10.13,5.6,0.0,0.16,1.67,56458.0,8.38,0,0,29.4
2022-06-12,0.0,0,0,0.0,0,0,0,189.62,188.29,0,0,0,0,0.0,0.0,0,0.0,0,0,0,0,419,25776,0.0,0.0,1616.85,1290.4,860.7,1258.0,90.2,770.5,1019.33,34.12,250.31,147.22,177.33,944.02,34.01,245.44,145.21,176.17,9.64,1.35,0.0,1.78,0.95,54748.0,9.83,4.35,0.0,0.08,1.67,57346.0,8.38,0,0,0.0
2022-06-13,596.1,0,0,8.26,0,0,0,186.36,180.32,0,0,0,0,92.11,0.0,0,0.0,0,0,0,0,101,28368,0.0,0.0,1635.37,1233.13,822.5,1205.0,84.8,737.7,956.39,34.1,249.72,145.09,173.52,1014.2,34.09,251.99,145.91,174.15,10.0,6.28,0.4,0.06,1.63,55876.0,9.5,1.8,0.0,1.03,1.14,55738.0,8.42,0,0,32.3
2022-06-14,346.85,0,0,8.59,0,0,0,180.49,180.91,0,0,0,0,121.99,0.0,0,0.0,0,0,0,0,199,29088,0.0,0.0,1650.79,1239.43,826.7,1212.0,84.0,742.7,1004.96,33.69,249.13,143.82,174.51,1004.09,33.64,251.21,145.51,174.44,9.6,1.96,0.0,0.84,1.22,54880.0,10.16,5.9,0.0,0.05,1.64,56346.0,8.35,0,0,44.6
2022-06-15,443.47,0,0,7.62,0,0,0,183.05,179.43,0,0,0,0,98.51,0.0,0,0.0,0,0,0,0,114,33300,0.0,0.0,1597.32,1171.96,781.7,1138.0,79.2,702.5,1001.76,32.17,252.1,146.91,173.32,997.87,32.2,251.23,144.24,172.57,10.02,2.57,0.0,0.75,1.53,53422.0,10.59,6.5,0.0,0.03,1.5,53580.0,8.37,0,0,21.8
2022-06-16,318.38,0,0,7.08,0,0,0,179.8,175.48,0,0,0,0,75.18,0.0,0,0.0,0,0,0,0,127,25056,0.0,0.0,1503.54,1169.19,762.5,1109.0,76.2,686.3,970.81,32.75,249.89,145.46,175.4,983.44,32.69,250.18,147.49,174.87,10.24,2.77,0.01,0.89,1.27,51560.0,10.41,6.94,0.0,0.06,1.54,54038.0,8.33,0,0,33.8
2022-06-17,280.73,0,0,7.75,0,0,0,177.95,179.54,0,0,0,0,47.41,0.0,0,0.0,0,0,0,0,471,29700,0.0,0.0,1506.28,1150.27,750.1,1097.0,74.4,675.7,951.03,33.22,245.27,145.03,175.32,936.82,33.14,248.2,149.69,175.57,10.35,1.81,0.0,0.68,1.51,50014.0,10.69,6.3,0.0,0.04,1.47,52590.0,8.38,0,0,10.7
2022-06-18,484.62,0,0,7.43,0,0,0,175.71,184.06,0,0,0,0,0.0,0.0,0,0.0,0,0,0,0,146,29196,0.0,0.0,1587.04,1197.33,781.1,1146.0,78.6,702.5,963.28,33.67,247.78,145.59,173.77,976.41,33.76,249.95,143.37,173.02,10.14,1.48,0.0,1.06,1.28,51682.0,10.25,5.47,0.0,0.03,1.37,55306.0,8.38,0,0,0.0
2022-06-19,0.0,0,0,0.0,0,0,0,182.67,185.67,0,0,0,0,0.0,0.0,0,0.0,0,0,0,0,325,28044,0.0,0.0,1591.86,1259.02,822.0,1201.0,83.2,738.8,975.0,33.54,249.36,147.22,175.93,964.31,33.73,248.3,175.13,174.91,9.9,0.96,0.0,1.02,1.19,53348.0,9.89,5.26,0.02,0.1,1.35,56810.0,8.38,0,0,0.0
2022-06-20,501.84,0,0,8.36,0,0,0,180.32,182.68,0,0,0,0,95.57,0.0,0,0.0,0,0,0,0,125,26280,0.0,0.0,1596.8,1223.59,798.6,1168.0,79.6,719.0,1003.1,34.69,246.37,146.39,174.96,961.78,34.83,250.07,146.22,174.38,9.8,1.38,0.0,1.55,1.09,53024.0,10.24,5.91,0.0,0.09,1.45,55068.0,8.4,0,0,21.3
2022-06-21,304.26,0,0,9.28,0,0,0,184.09,183.96,0,0,0,0,95.86,0.0,0,0.0,0,0,0,0,101,29124,0.0,0.0,1612.15,1235.95,806.8,1184.0,82.4,724.4,975.14,35.23,247.82,146.71,174.81,964.8,35.33,250.0,146.13,174.38,9.54,2.4,0.0,1.4,1.05,54902.0,10.18,5.74,0.02,0.04,1.45,56072.0,8.47,0,0,0.0
2022-06-22,235.18,0,0,7.43,0,0,0,184.57,178.96,0,0,0,0,72.9,0.0,0,0.0,0,0,0,0,80,29700,0.0,0.0,1618.38,1245.72,813.3,1191.0,84.2,729.1,956.1,35.26,251.15,147.24,175.08,943.52,35.32,244.31,146.92,174.64,9.67,2.04,0.03,1.44,1.08,54858.0,10.28,5.81,0.0,0.02,1.44,56128.0,8.44,0,0,28.3
2022-06-23,491.87,0,0,7.22,0,0,0,184.26,184.17,0,0,0,0,68.17,0.0,0,0.0,0,0,0,0,338,29952,0.0,0.0,1616.38,1255.85,819.7,1198.0,85.0,734.7,964.35,34.66,250.74,145.89,174.21,952.8,34.53,248.54,145.67,173.97,9.86,3.65,0.02,0.81,1.24,54472.0,10.17,5.79,0.0,0.01,1.31,56334.0,8.39,0,0,16.3
2022-06-24,429.14,0,0,5.63,0,0,0,188.8,186.74,0,0,0,0,74.87,0.0,0,0.0,0,0,0,0,245,30060,0.0,0.0,1604.0,1241.64,810.6,1177.0,82.3,728.3,959.99,34.04,249.6,143.86,173.85,980.66,34.14,249.39,145.19,173.85,9.79,2.65,0.02,0.95,1.41,54430.0,10.05,5.51,0.0,0.01,1.25,56908.0,8.51,0,0,17.3
2022-06-25,498.93,0,0,7.58,0,0,0,184.89,183.71,0,0,0,0,24.58,0.0,0,0.0,0,0,0,0,92,28620,0.0,0.0,1625.11,1266.82,827.2,1198.0,84.5,742.7,944.85,34.62,250.66,148.3,175.13,985.35,34.81,254.83,147.47,174.68,9.6,5.0,0.07,0.9,1.27,55626.0,9.88,6.03,0.07,0.1,1.27,56724.0,8.49,0,0,3.1
2022-06-26,0.0,0,0,0.0,0,0,0,180.3,178.51,0,0,0,0,0.0,0.0,0,0.0,0,0,0,0,139,28260,0.0,0.0,1601.94,1279.9,835.9,1213.0,84.8,751.1,942.2,34.57,250.98,146.84,175.19,968.01,34.81,248.99,146.32,174.85,9.69,5.5,0.0,0.57,0.89,54736.0,10.08,5.87,0.0,0.09,1.34,55930.0,8.49,0,0,43.1
2022-06-27,380.73,0,0,8.83,0,0,0,189.48,188.01,0,0,0,0,71.1,0.0,0,0.0,0,0,0,0,100,30492,0.0,0.0,1597.86,1233.35,805.0,1173.0,80.7,724.3,969.72,35.32,250.28,149.73,175.04,905.28,35.58,242.56,150.01,174.86,10.0,4.36,0.0,0.65,0.74,55028.0,10.25,6.78,0.01,0.24,1.45,56692.0,8.49,0,0,14.0
2022-06-28,535.8,0,0,9.29,0,0,0,195.15,197.75,0,0,0,0,21.98,0.0,0,0.0,0,0,0,0,447,29880,0.0,0.0,1573.52,1196.27,780.6,1134.0,78.5,702.1,973.72,35.47,250.06,145.4,173.8,916.69,35.44,242.16,145.34,173.23,10.17,5.19,0.0,0.34,0.82,52704.0,10.1,6.13,0.0,0.07,1.35,56798.0,8.3,0,0,65.2
2022-06-29,386.24,0,0,7.14,0,0,0,186.92,187.21,0,0,0,0,46.88,0.0,0,0.0,0,10,0,0,114,31428,0.0,0.0,1571.01,1215.49,793.5,1153.0,81.3,712.2,986.5,35.31,250.06,145.64,175.04,922.86,35.32,247.11,148.05,175.04,9.85,2.76,0.0,0.26,0.93,53988.0,10.06,5.86,0.0,0.11,1.38,56940.0,8.35,0,0,26.8
2022-06-30,483.87,0,0,7.06,0,0,0,183.86,178.18,0,0,0,0,46.64,0.0,0,0.0,0,0,0,0,142,31464,0.0,0.0,1546.29,1178.8,769.1,1117.0,78.3,690.8,990.46,34.68,250.34,144.61,173.17,925.9,34.91,244.9,146.42,173.94,10.19,1.44,0.0,0.35,1.19,51722.0,10.17,5.83,0.08,0.16,1.31,54656.0,8.34,0,0,68.1
2022-07-01,516.79,0,0,6.07,0,0,0,202.57,191.52,0,0,0,0,70.68,0.0,0,0.0,0,0,0,112,104,30240,0.0,0.0,1542.46,1176.37,767.2,1121.0,78.0,689.2,970.89,36.17,252.0,148.32,174.73,940.36,36.39,244.93,144.13,173.59,9.99,2.76,0.01,0.9,1.02,53980.0,10.65,7.2,0.0,0.07,1.47,52600.0,8.36,0,0,20.2
2022-07-02,526.47,0,0,8.07,0,0,0,202.91,208.27,0,0,0,0,0.0,0.0,0,0.0,0,0,0,0,135,30636,0.0,0.0,1575.96,1206.47,787.2,1140.0,81.9,705.3,960.89,37.15,250.53,148.59,175.24,937.07,37.24,248.57,150.38,175.07,10.08,2.8,0.0,1.58,0.81,53428.0,10.16,5.27,0.0,0.17,1.31,54306.0,8.32,0,0,37.7
2022-07-03,0.0,0,0,0.0,0,0,0,201.75,203.31,0,0,0,0,0.0,0.0,0,0.0,0,0,0,0,451,28800,0.0,0.0,1557.02,1237.36,807.6,1172.0,83.1,724.5,972.28,37.57,250.21,146.32,175.82,934.71,37.65,250.17,148.87,175.88,9.76,3.38,0.0,1.56,0.69,54300.0,10.2,4.78,0.0,0.07,1.16,56666.0,8.35,0,0,8.9
2022-07-04,437.01,0,0,9.29,0,0,0,190.88,180.08,0,0,0,0,96.29,0.0,0,0.0,0,0,0,0,111,18504,20896.43,2705.76,1471.69,591.53,385.2,559.0,39.0,346.2,976.79,37.75,249.61,148.9,177.22,930.06,38.14,245.24,148.73,177.16,10.11,5.17,0.0,1.69,1.23,53696.0,10.66,5.51,0.01,0.06,1.2,53672.0,8.35,0,0,25.8
2022-07-05,277.01,0,0,9.96,0,0,0,190.86,192.19,0,0,0,0,72.85,0.0,0,0.0,0,0,0,0,585,0,40997.47,6773.04,1473.55,0.0,0.0,0.0,0.0,0.0,968.83,38.46,249.99,150.78,179.88,946.27,38.59,248.24,144.79,178.16,10.1,5.99,0.0,1.83,1.89,55136.0,10.4,5.54,0.01,0.03,1.18,54078.0,8.35,0,0,39.6
2022-07-06,261.06,0,0,7.05,0,0,0,195.62,192.19,0,0,0,0,72.54,0.0,0,6.33,0,0,0,0,234,36,40314.05,6097.32,1477.5,0.0,0.0,0.0,0.0,0.0,968.27,39.24,250.19,149.67,179.91,968.31,39.23,251.26,146.49,178.42,10.16,3.01,0.0,1.63,1.75,52958.0,10.42,5.71,0.01,0.02,1.09,54244.0,8.33,0,0,45.8
2022-07-07,361.91,0,0,7.46,0,0,0,185.27,185.06,0,0,0,0,72.11,0.0,0,0.0,0,0,0,0,597,0,41420.86,7204.32,1446.83,0.0,0.0,0.0,0.0,0.0,999.48,38.89,249.95,146.76,179.19,947.44,38.84,250.5,149.18,178.77,10.07,3.33,0.0,0.55,1.74,52064.0,10.58,5.7,0.0,0.09,1.18,54010.0,8.31,0,0,48.2
2022-07-08,408.87,0,0,5.9,0,0,0,177.97,183.5,0,0,0,0,50.64,0.0,0,0.0,0,0,0,0,616,0,41809.91,7945.92,1441.45,0.0,0.0,0.0,0.0,0.0,1005.49,37.42,250.46,150.02,179.63,944.54,37.4,248.08,146.66,178.4,10.24,2.8,0.0,1.3,2.16,52850.0,10.57,6.55,0.0,0.2,1.31,54528.0,8.25,0,0,41.0
2022-07-09,525.3,0,0,8.21,0,0,0,181.95,179.52,0,0,0,0,0.0,0.0,0,0.0,0,0,0,0,139,0,41639.92,8239.32,1474.76,0.0,0.0,0.0,0.0,0.0,1025.74,37.3,250.38,150.05,179.67,934.5,37.38,250.1,145.43,177.88,10.33,3.68,0.0,1.6,2.0,53654.0,10.85,7.08,0.01,0.15,1.25,52666.0,8.32,0,0,49.1
2022-07-10,0.0,0,0,0.0,0,0,0,192.14,187.12,0,0,0,0,0.0,0.0,0,0.0,0,0,0,0,574,0,41317.49,10816.56,1481.18,0.0,0.0,0.0,0.0,0.0,1032.18,37.69,250.42,146.4,178.05,953.44,37.74,251.03,143.81,177.56,9.98,3.02,0.0,0.89,1.91,53364.0,10.56,5.6,0.0,0.09,1.16,53568.0,8.39,0,0,0.0
2022-07-11,407.34,0,0,8.28,0,0,0,173.84,176.96,0,0,0,0,73.64,0.0,0,0.0,0,0,0,0,238,0,40102.21,8401.32,1417.78,0.0,0.0,0.0,0.0,0.0,981.56,38.27,249.4,144.22,177.25,969.48,38.22,249.12,146.79,178.11,10.16,1.52,0.0,0.4,1.84,50754.0,10.44,5.63,0.0,0.12,1.14,53238.0,8.36,0,0,58.0
2022-07-12,239.62,0,0,9.17,0,0,0,170.66,175.09,0,0,0,0,70.95,0.0,0,0.0,0,0,0,0,591,0,38148.5,5667.12,1428.02,0.0,0.0,0.0,0.0,0.0,964.83,38.26,250.02,144.06,174.78,930.73,38.12,246.37,148.03,178.13,10.24,2.79,0.0,0.37,1.9,50682.0,10.66,5.29,0.0,0.13,1.17,52464.0,8.36,0,0,28.0
2022-07-13,387.27,0,0,7.3,0,0,0,179.14,169.72,0,0,0,0,46.7,0.0,0,0.0,0,0,0,0,247,0,38748.1,5177.52,1487.87,0.0,0.0,0.0,0.0,0.0,1000.18,36.88,250.44,146.72,171.05,945.92,37.22,251.06,143.3,174.88,10.36,4.06,0.01,0.47,2.43,53006.0,10.66,5.73,0.0,0.11,1.28,52810.0,8.36,0,0,52.6
2022-07-14,428.95,0,0,6.42,0,0,0,186.37,181.06,0,0,0,0,73.28,0.0,0,0.0,0,0,0,0,549,0,37894.47,5322.24,1438.22,0.0,0.0,0.0,0.0,0.0,972.16,36.8,250.1,146.05,170.49,926.12,37.02,253.89,145.62,176.92,10.39,4.3,0.0,0.51,2.46,52736.0,10.66,5.49,0.0,0.09,1.29,52738.0,8.36,0,0,53.3
2022-07-15,411.62,0,0,6.73,0,0,0,182.59,181.6,0,0,0,0,68.94,0.0,0,0.0,0,0,0,0,165,0,37943.28,5949.72,1455.05,0.0,0.0,0.0,0.0,0.0,977.09,37.14,249.73,141.45,166.77,937.05,37.22,255.72,144.63,176.15,10.01,4.05,0.0,0.35,2.03,52984.0,10.36,5.23,0.0,0.07,1.36,53940.0,8.35,0,0,55.8
2022-07-16,525.84,0,0,8.26,0,0,0,180.95,179.49,0,0,0,0,0.0,0.0,0,0.0,0,0,0,0,486,0,37664.4,5535.72,1408.18,0.0,0.0,0.0,0.0,0.0,953.93,36.95,249.61,143.38,164.48,926.16,36.96,248.64,141.08,173.16,10.45,5.72,0.0,0.42,2.01,51840.0,10.73,6.0,0.0,0.06,1.34,53042.0,8.37,0,0,0.0
2022-07-17,0.0,0,0,0.0,0,0,0,189.25,185.45,0,0,0,0,0.0,0.0,0,0.0,0,0,0,18,138,0,37684.29,7264.8,1468.67,0.0,0.0,0.0,0.0,0.0,943.18,36.66,250.55,145.53,160.37,931.24,36.97,250.7,140.66,171.19,10.41,4.75,0.0,0.43,2.1,52856.0,10.43,5.25,0.0,0.1,1.22,53808.0,8.38,0,0,21.5
2022-07-18,440.52,0,0,8.49,0,0,0,193.97,194.31,0,0,0,0,92.14,0.0,0,0.0,0,0,0,0,555,36,37426.62,4653.36,1456.2,0.0,0.0,0.0,0.0,0.0,959.59,37.38,249.53,145.31,170.21,929.04,37.34,253.51,141.31,171.64,10.21,2.85,0.0,0.84,1.83,53920.0,10.43,5.28,0.0,0.11,1.24,54344.0,8.38,0,0,38.6
2022-07-19,303.45,0,0,9.38,0,0,0,184.18,182.15,0,0,0,0,69.2,0.0,0,0.0,0,0,0,192,0,0,37134.56,4638.6,1428.85,0.0,0.0,0.0,0.0,0.0,958.82,37.98,250.52,142.65,178.08,913.35,38.12,251.47,146.63,176.15,10.18,2.7,0.0,0.57,1.68,52026.0,10.66,5.45,0.0,0.12,1.26,52862.0,8.39,0,0,38.5
2022-07-20,295.55,0,0,8.33,0,0,0,175.58,92.64,0,0,0,0,68.31,0.0,0,0.0,0,0,0,66,730,72,34689.44,3433.32,1182.19,0.0,0.0,0.0,0.0,0.0,961.06,37.94,249.91,141.96,177.34,949.98,38.04,248.58,140.65,173.51,10.15,5.27,0.02,0.62,1.72,52644.0,11.18,8.11,0.0,0.06,1.43,50084.0,8.35,0,0,38.2
2022-07-21,491.47,0,0,7.43,0,0,0,180.55,0.0,0,0,0,0,45.27,0.0,0,0.0,0,0,0,0,251,0,27443.56,1616.76,739.57,0.0,0.0,0.0,0.0,0.0,968.29,36.59,249.25,146.24,175.51,0.0,0.0,0.0,0.0,0.0,10.4,3.48,0.01,0.3,2.16,53878.0,0.0,0.0,0.0,0.0,0.0,0.0,8.35,0,0,79.8
2022-07-22,313.61,0,0,7.93,0,0,0,193.06,0.0,0,0,0,0,72.75,0.0,0,0.0,0,0,0,0,203,1692,28268.57,2780.64,693.16,0.0,0.0,0.0,0.0,0.0,960.35,36.54,249.21,142.79,177.05,0.0,0.0,0.0,0.0,0.0,10.4,3.8,0.0,0.99,1.97,52684.0,0.0,0.0,0.0,0.0,0.0,0.0,8.29,0,0,27.8
2022-07-23,531.15,0,0,8.02,0,0,0,181.32,0.0,0,0,0,0,0.0,0.0,0,0.0,0,0,0,0,105,324,28358.93,2580.84,707.65,0.0,0.0,0.0,0.0,0.0,963.89,36.58,250.7,147.14,177.32,0.0,0.0,0.0,0.0,0.0,9.99,3.9,0.0,0.57,1.54,53596.0,0.0,0.0,0.0,0.0,0.0,0.0,8.29,0,0,31.3
2022-07-24,0.0,0,0,0.0,0,0,0,170.82,91.58,0,0,0,0,0.0,0.0,0,0.0,0,0,0,0,51,360,34801.88,5488.92,1086.42,0.0,0.0,0.0,0.0,0.0,954.99,35.99,246.48,152.26,178.35,973.31,59.69,246.53,143.83,177.51,9.91,1.93,0.0,0.62,1.41,54186.0,10.81,10.61,0.0,0.46,1.35,48748.0,8.29,0,0,0.0
2022-07-25,511.15,0,0,8.29,0,0,0,180.42,179.73,0,0,0,0,71.96,0.0,0,0.0,0,0,0,0,430,0,37913.81,5454.0,1437.88,0.0,0.0,0.0,0.0,0.0,973.93,37.05,244.04,149.21,179.1,966.69,37.06,254.16,145.59,177.72,10.21,2.65,0.0,0.67,1.0,52874.0,10.91,5.39,0.0,0.18,1.31,50784.0,8.19,0,0,49.7
2022-07-26,275.01,0,0,8.89,0,0,0,183.66,186.4,0,0,0,0,72.42,0.0,0,0.0,0,0,0,220,302,0,37149.5,3323.52,1455.96,0.0,0.0,0.0,0.0,0.0,951.71,38.16,247.02,148.59,179.06,946.53,38.19,251.75,144.67,177.29,10.25,1.43,0.0,0.71,0.79,52364.0,10.91,5.63,0.0,0.25,1.13,52062.0,8.19,0,0,76.4
2022-07-27,341.02,0,0,8.45,0,0,0,191.91,194.44,0,0,0,0,48.5,0.0,0,0.0,0,10,0,0,215,0,36749.0,3210.12,1471.92,0.0,0.0,0.0,0.0,0.0,958.21,38.93,247.75,146.09,178.61,944.57,38.96,255.85,146.08,178.08,10.01,1.75,0.01,0.5,0.77,52840.0,10.78,5.52,0.0,0.29,1.14,52764.0,8.25,0,0,22.6
2022-07-28,415.08,0,0,8.0,0,0,0,180.15,177.4,0,0,0,0,48.12,0.0,0,8.38,0,0,0,0,608,0,36282.94,3076.92,1439.36,0.0,0.0,0.0,0.0,0.0,979.6,39.42,248.03,144.8,178.45,989.27,39.51,253.46,147.71,178.45,10.32,1.95,0.0,0.39,0.62,51060.0,10.93,5.14,0.0,0.3,1.04,51032.0,8.25,0,0,90.4
2022-07-29,337.27,0,0,6.88,0,0,0,183.8,183.08,0,0,0,0,71.58,0.0,0,0.0,0,0,0,0,166,0,35611.75,2174.04,1418.4,0.0,0.0,0.0,0.0,0.0,1002.53,40.1,252.72,149.35,178.8,982.39,40.27,255.89,156.23,179.73,10.57,3.5,0.01,0.68,1.06,49984.0,11.02,4.85,0.0,0.45,0.96,50332.0,8.25,0,0,19.6
2022-07-30,479.68,0,0,4.98,0,0,0,183.92,183.77,0,0,0,0,0.0,0.0,0,0.0,0,0,0,0,556,0,35145.19,3713.04,1419.05,0.0,0.0,0.0,0.0,0.0,988.65,40.32,248.64,152.63,179.41,983.91,40.43,253.88,150.17,178.51,10.82,2.69,0.0,0.98,1.6,48688.0,10.99,5.15,0.0,0.37,0.86,50162.0,8.28,0,0,3.0
2022-07-31,0.0,0,0,0.0,0,0,0,184.35,188.79,0,0,0,0,0.0,0.0,0,0.0,0,0,0,0,132,36,36027.43,3781.8,1462.25,0.0,0.0,0.0,0.0,0.0,983.74,39.51,249.18,145.81,177.81,951.95,39.57,252.0,147.16,177.17,10.37,1.76,0.0,0.77,1.85,51420.0,10.64,4.7,0.0,0.12,1.13,52558.0,8.11,0,0,35.4
2022-08-01,752.04,0,0,7.68,0,0,0,181.77,180.58,0,0,0,0,0.0,0.0,0,0.0,0,0,0,0,599,72,35675.94,2616.84,1465.97,0.0,0.0,0.0,0.0,0.0,991.12,39.47,247.1,146.73,177.73,984.28,39.49,254.55,148.81,177.3,10.17,2.68,0.02,0.49,1.8,52524.0,10.74,4.69,0.0,0.1,1.12,51678.0,7.95,0,0,29.5
2022-08-02,503.83,0,0,7.42,0,0,0,196.94,189.7,0,0,0,0,24.3,0.0,0,0.0,0,0,0,138,166,108,36206.5,2198.88,1449.45,0.0,0.0,0.0,0.0,0.0,966.13,38.51,247.05,147.75,176.97,984.91,38.62,248.73,149.48,177.3,10.54,4.05,0.0,0.06,2.13,51616.0,11.02,5.9,0.0,0.12,1.47,50734.0,7.9,0,0,93.6
2022-08-03,355.84,0,0,7.17,0,0,0,190.2,190.31,0,0,0,0,75.95,0.0,0,0.0,0,0,0,0,534,72,35651.88,1868.04,1419.28,0.0,0.0,0.0,0.0,0.0,957.5,38.36,245.25,148.69,177.68,965.73,38.45,253.29,146.31,176.66,10.65,3.4,0.0,0.77,1.91,51450.0,11.1,5.57,0.0,0.16,1.39,49940.0,7.85,0,0,55.6
2022-08-04,232.46,0,0,7.39,0,0,0,193.13,188.5,0,0,0,0,65.74,0.0,0,0.0,0,0,0,283,235,108,35104.5,1857.24,1380.92,0.0,0.0,0.0,0.0,0.0,958.49,38.99,248.75,149.93,178.32,939.05,39.34,252.62,149.05,177.49,10.59,2.47,0.13,0.78,1.78,50184.0,11.07,5.43,0.0,0.12,1.15,50308.0,7.86,0,0,64.7
2022-08-05,252.54,0,0,7.63,0,0,0,191.57,190.29,0,0,0,0,70.24,0.0,0,0.0,0,0,0,78,548,360,34763.75,1176.84,1470.04,0.0,0.0,0.0,0.0,0.0,976.21,38.96,248.99,147.91,177.91,965.2,39.44,250.98,142.18,176.01,10.19,2.24,0.0,1.21,1.93,53282.0,10.91,5.31,0.0,0.12,1.11,51472.0,7.86,0,0,28.3
2022-08-06,483.65,0,0,7.84,0,0,0,197.75,191.43,0,0,0,0,24.03,0.0,0,0.0,0,0,0,0,167,432,34807.25,1028.88,1416.55,0.0,0.0,0.0,0.0,0.0,921.3,38.96,244.35,145.75,176.35,952.69,39.33,251.43,142.48,177.99,10.84,5.3,0.0,0.11,1.05,51622.0,10.48,2.72,0.0,1.05,2.01,52622.0,7.86,0,0,52.7
2022-08-07,0.0,0,0,0.0,0,0,0,193.14,190.1,0,0,0,0,0.0,0.0,0,0.0,0,0,0,0,594,72,34615.12,2238.84,1446.61,0.0,0.0,0.0,0.0,0.0,990.98,38.62,245.57,148.1,178.2,932.69,39.03,254.36,145.05,177.16,10.11,3.3,0.0,0.26,1.83,53384.0,11.26,4.96,0.01,0.17,1.07,50096.0,7.86,0,0,0.0
2022-08-08,718.11,0,0,7.01,0,0,0,179.06,176.84,0,0,0,0,75.31,0.0,0,0.0,0,0,0,0,175,432,35166.13,1611.0,1415.56,0.0,0.0,0.0,0.0,0.0,984.64,38.14,249.73,146.11,177.34,934.32,38.46,255.13,144.47,174.21,10.45,2.24,0.0,0.27,2.13,51070.0,11.83,5.47,0.0,0.1,1.35,48706.0,7.87,0,0,75.8
2022-08-09,463.55,0,0,8.83,0,0,0,189.77,184.71,0,0,0,0,69.62,0.0,0,0.0,0,0,0,0,190,144,36492.87,2883.24,1436.93,0.0,0.0,0.0,0.0,0.0,957.12,37.19,246.84,150.25,177.96,939.11,37.44,254.52,143.9,175.58,10.27,2.91,0.01,0.26,2.2,52590.0,10.86,5.34,0.0,0.12,1.27,51838.0,7.89,0,0,77.9
2022-08-10,448.9,0,0,6.76,0,0,0,182.08,179.11,0,0,0,0,22.49,0.0,0,0.0,0,0,0,369,652,0,37420.88,4940.28,1404.53,0.0,0.0,0.0,0.0,0.0,967.25,69.45,246.04,146.94,178.96,943.01,76.18,255.52,140.18,176.04,10.2,3.58,0.0,0.13,1.96,52560.0,10.99,5.65,0.0,0.03,1.19,50492.0,7.95,0,0,72.6
2022-08-11,197.3,0,0,7.73,0,0,0,189.65,188.14,0,0,0,0,24.78,0.0,0,0.0,0,0,0,231,152,0,37188.87,5081.04,1381.1,0.0,0.0,0.0,0.0,0.0,983.78,98.29,253.27,146.74,178.31,992.66,109.88,254.16,149.69,178.32,10.06,3.57,0.04,0.01,1.93,50854.0,10.94,4.73,0.0,0.04,1.48,50526.0,7.9,0,0,36.4
2022-08-12,280.58,0,0,7.27,0,0,0,190.93,190.47,0,0,0,0,73.9,0.0,0,0.0,0,0,0,0,269,0,36318.88,4416.48,1360.17,0.0,0.0,0.0,0.0,0.0,941.03,98.6,249.55,147.34,178.8,962.94,109.68,250.11,149.02,178.4,10.3,1.79,0.0,0.12,1.44,50420.0,11.06,4.69,0.0,0.01,1.45,50188.0,7.78,0,0,86.3
2022-08-13,507.45,0,0,7.67,0,0,0,189.18,189.08,0,0,0,0,0.0,0.0,0,0.0,0,0,0,0,493,0,36503.75,4414.68,1387.72,0.0,0.0,0.0,0.0,0.0,935.68,98.28,252.62,144.43,177.96,982.22,109.27,249.77,147.17,177.94,10.19,3.03,0.0,0.03,1.06,50940.0,11.17,5.22,0.0,0.01,1.27,49396.0,7.78,0,0,18.8
2022-08-14,0.0,0,0,0.0,0,0,0,184.94,182.72,0,0,0,0,0.0,0.0,0,0.0,0,0,0,0,206,0,34709.37,4711.32,1405.62,0.0,0.0,0.0,0.0,0.0,943.78,98.57,250.96,143.27,178.85,979.3,110.07,251.8,144.31,177.99,9.79,3.25,0.0,0.1,0.62,52156.0,11.07,4.58,0.0,0.06,1.22,48780.0,7.78,0,0,70.0
2022-08-15,570.0,0,0,2.09,0,0,0,180.03,180.65,0,0,0,0,0.0,0.0,0,0.0,0,0,0,0,481,0,33788.63,2772.0,1382.74,0.0,0.0,0.0,0.0,0.0,924.22,98.38,252.61,144.32,178.97,981.19,110.26,251.38,145.73,177.98,10.2,1.04,0.0,0.0,0.59,50882.0,10.98,4.05,0.0,0.13,1.29,48806.0,7.88,0,0,35.5
2022-08-16,406.51,0,0,8.08,0,0,0,173.76,172.88,0,0,0,0,50.6,0.0,0,0.0,0,0,0,0,300,72,34053.25,2592.0,1405.11,0.0,0.0,0.0,0.0,0.0,940.84,98.64,251.72,145.1,179.43,997.88,110.09,255.88,149.96,178.7,10.13,1.98,0.0,0.07,0.71,51340.0,10.85,3.77,0.0,0.24,1.18,50322.0,7.75,0,0,58.5
2022-08-17,246.52,0,0,8.07,0,0,0,177.45,173.41,0,0,0,0,98.79,0.0,0,7.66,0,0,0,0,418,36,34549.87,3286.44,1413.71,0.0,0.0,0.0,0.0,0.0,954.79,98.86,252.19,146.05,179.55,1014.22,110.49,251.13,146.52,178.18,9.9,3.11,0.01,0.07,0.66,52326.0,11.02,4.78,0.0,0.15,1.25,48890.0,8.0,0,0,21.6
2022-08-18,197.02,0,0,7.29,0,0,0,179.02,176.73,0,0,0,0,100.15,0.0,0,0.0,0,0,0,0,196,114,33766.88,2894.76,1401.96,0.0,0.0,0.0,0.0,0.0,967.8,99.04,254.58,148.79,179.94,1016.06,109.95,251.57,144.49,177.6,9.88,3.23,0.0,0.01,0.75,51066.0,11.01,4.41,0.0,0.11,1.32,47798.0,7.81,0,0,65.8
2022-08-19,312.6,0,0,6.08,0,0,0,201.39,192.26,0,0,0,0,72.21,0.0,0,0.0,0,0,0,0,628,1044,32715.62,1393.56,1425.63,0.0,0.0,0.0,0.0,0.0,944.08,98.52,249.8,153.64,180.68,991.78,76.5,259.74,148.77,178.06,9.84,5.35,0.0,0.11,1.09,52838.0,10.86,4.27,0.0,0.15,1.36,50198.0,8.15,0,0,50.9
2022-08-20,489.71,0,0,3.91,0,0,0,181.57,185.28,0,0,0,0,49.14,0.0,0,0.0,0,0,0,0,166,684,32715.63,725.4,1420.33,0.0,0.0,0.0,0.0,0.0,930.07,98.51,247.07,151.99,180.79,968.97,38.09,253.79,155.45,180.11,10.19,2.19,0.0,0.73,1.17,51218.0,11.43,6.39,0.0,0.2,1.23,50688.0,7.83,0,0,72.1
2022-08-21,0.0,0,0,0.0,0,0,0,190.06,188.18,0,0,0,0,0.0,0.0,0,0.0,0,0,0,0,617,108,32461.87,2112.84,1437.88,0.0,0.0,0.0,0.0,0.0,954.89,98.58,246.09,151.42,180.52,980.87,38.36,253.17,152.53,179.43,10.16,1.88,0.0,0.57,1.31,50920.0,11.4,5.64,0.0,0.1,1.17,50344.0,7.83,0,0,3.4
2022-08-22,377.02,0,0,6.72,0,0,0,184.35,183.55,0,0,0,0,68.77,0.0,0,0.0,0,0,0,0,219,108,32838.88,1231.56,1431.44,0.0,0.0,0.0,0.0,0.0,975.86,98.77,249.08,151.41,180.53,979.1,38.5,253.17,144.38,177.6,10.18,1.7,0.0,0.25,1.48,50732.0,11.4,5.99,0.0,0.03,1.31,49536.0,7.91,0,0,72.0
2022-08-23,388.78,0,0,7.88,0,0,0,181.03,183.65,0,0,0,0,95.18,0.0,0,0.0,0,0,0,0,233,684,34201.87,2134.44,1395.07,0.0,0.0,0.0,0.0,0.0,924.15,48.54,250.68,149.96,179.52,970.42,37.8,252.43,152.46,178.46,10.55,1.72,0.0,0.32,1.66,49896.0,11.42,6.23,0.0,0.28,1.27,49048.0,7.89,0,0,50.5
2022-08-24,318.37,0,0,7.18,0,0,0,176.95,178.74,0,0,0,0,68.95,0.0,0,0.0,0,0,0,0,641,216,34796.38,1832.04,1420.08,0.0,0.0,0.0,0.0,0.0,931.57,36.75,249.65,148.41,179.66,988.51,37.12,252.35,147.91,178.26,10.43,1.6,0.0,0.45,1.71,51684.0,11.51,6.18,0.0,0.11,1.43,49632.0,7.9,0,0,68.6
2022-08-25,330.3,0,0,6.86,0,0,0,177.34,174.1,0,0,0,0,47.06,0.0,0,0.0,0,0,0,0,158,108,35180.62,1914.12,1471.69,0.0,0.0,0.0,0.0,0.0,948.8,35.78,249.68,146.51,178.74,992.22,36.21,255.04,144.04,177.17,10.35,2.13,0.0,0.52,1.96,52858.0,11.71,6.38,0.0,0.03,1.54,49112.0,8.06,0,0,35.1
2022-08-26,332.54,0,0,6.82,0,0,0,182.99,183.6,0,0,0,0,66.47,0.0,0,0.0,0,0,0,0,641,324,34223.63,1625.04,1494.47,0.0,0.0,0.0,0.0,0.0,961.9,35.92,249.85,147.28,178.56,1000.93,36.41,256.38,144.17,176.25,10.17,2.95,0.0,1.04,1.73,53876.0,11.31,6.98,0.0,0.02,1.51,50008.0,7.95,0,0,72.8
2022-08-27,492.22,0,0,6.23,0,0,0,185.26,184.03,0,0,0,0,24.19,0.0,0,0.0,0,0,0,0,151,0,35289.37,3236.76,1502.23,0.0,0.0,0.0,0.0,0.0,937.35,35.37,252.34,144.96,177.88,1023.85,35.61,258.65,147.53,177.06,10.12,4.78,0.0,0.62,1.64,54178.0,11.34,6.09,0.0,0.15,1.48,50026.0,8.09,0,0,36.6
2022-08-28,0.0,0,0,0.0,0,0,0,187.41,182.44,0,0,0,0,0.0,0.0,0,0.0,0,0,0,0,377,0,34368.63,4823.64,1450.73,0.0,0.0,0.0,0.0,0.0,974.85,34.78,254.33,152.97,179.68,1006.19,35.27,256.18,149.12,177.65,10.43,3.14,0.01,0.59,1.78,52716.0,11.61,5.64,0.0,0.09,1.33,47936.0,8.33,0,0,9.0
2022-08-29,415.23,0,0,6.57,0,0,0,180.32,170.43,0,0,0,0,49.51,0.0,0,0.0,0,0,0,0,484,0,35224.12,3632.04,1468.41,0.0,0.0,0.0,0.0,0.0,954.5,34.33,255.14,147.2,178.18,948.38,34.77,254.42,142.25,176.52,10.48,3.03,0.0,0.3,1.94,52184.0,11.56,6.22,0.0,0.11,1.3,47568.0,8.33,0,0,66.4
2022-08-30,517.19,0,0,7.7,0,0,0,184.51,180.49,0,0,0,0,70.79,0.0,0,0.0,0,0,0,0,185,0,35651.88,3327.48,1432.99,0.0,0.0,0.0,0.0,0.0,945.85,33.36,254.82,152.28,178.39,921.48,33.61,253.54,146.13,176.71,10.52,3.08,0.0,0.22,2.06,52324.0,11.56,6.49,0.0,0.25,1.2,47226.0,8.33,0,0,67.3
2022-08-31,324.88,0,0,6.17,0,0,0,185.28,184.96,0,0,0,0,115.51,0.0,0,0.0,0,10,0,0,656,144,34064.62,2154.96,1456.69,0.0,0.0,0.0,0.0,0.0,955.56,33.73,250.79,144.18,177.81,950.62,34.28,253.6,144.82,176.51,10.48,1.52,0.0,0.41,1.98,52498.0,11.09,5.95,0.0,0.25,1.31,48138.0,8.25,0,0,29.7
2022-09-01,313.25,0,0,0.0,0,0,0,179.61,174.6,0,0,0,0,94.82,0.0,0,0.0,0,0,0,0,178,0,33345.0,4383.0,1420.94,0.0,0.0,0.0,0.0,0.0,937.38,59.11,255.17,149.26,179.34,949.81,64.34,251.72,139.68,176.71,10.48,1.65,0.0,0.66,1.74,52198.0,10.96,5.62,0.0,0.24,1.38,46390.0,8.1,0,0,72.4
2022-09-02,275.23,0,0,0.0,0,0,0,182.51,179.89,0,0,0,0,116.65,0.0,0,0.0,0,0,0,0,617,36,32917.5,4795.92,1408.54,0.0,0.0,0.0,0.0,0.0,975.7,86.91,254.45,150.26,179.78,934.98,79.71,254.7,138.54,176.25,10.31,0.83,0.0,0.98,1.52,52660.0,11.1,4.63,0.0,0.11,1.67,44428.0,8.21,0,0,38.3
2022-09-03,492.73,0,0,0.0,0,0,0,183.67,180.31,0,0,0,0,0.0,0.0,0,0.0,0,0,0,2298,233,0,32763.75,4232.16,1397.32,0.0,0.0,0.0,0.0,0.0,976.11,89.88,254.82,147.1,179.22,946.09,60.34,252.44,138.06,175.94,10.46,1.59,0.0,0.38,1.62,50914.0,11.54,5.37,0.0,0.08,1.63,46490.0,8.21,0,0,25.2
2022-09-04,0.0,0,0,0.0,0,0,0,197.03,198.43,0,0,0,0,0.0,0.0,0,0.0,0,0,0,0,384,0,33228.75,3645.72,1456.7,0.0,0.0,0.0,0.0,0.0,977.69,88.64,253.28,150.77,179.42,953.64,47.62,257.25,147.69,177.27,10.27,2.05,0.0,0.4,1.79,53104.0,11.47,4.71,0.0,0.27,1.19,48402.0,8.36,0,0,11.1
2022-09-05,833.86,0,0,0.0,0,0,0,177.81,180.09,0,0,0,0,98.22,0.0,0,0.0,0,0,0,0,362,0,35426.25,5750.64,1457.94,0.0,0.0,0.0,0.0,0.0,972.08,87.68,252.6,148.47,177.52,951.08,46.46,254.64,148.09,176.79,10.31,1.26,0.0,0.19,1.62,52326.0,11.47,4.12,0.0,0.34,0.91,47702.0,7.87,0,0,109.9
2022-09-06,492.73,0,0,0.0,0,0,0,184.48,172.81,0,0,0,0,75.25,0.0,0,0.0,0,0,0,0,279,0,33078.75,4915.8,1440.57,0.0,0.0,0.0,0.0,0.0,960.19,87.55,252.54,149.92,178.34,938.36,47.1,248.83,140.45,175.72,10.29,2.35,0.0,0.14,1.71,52010.0,11.37,4.08,0.0,0.07,0.94,47022.0,7.87,0,0,59.3
2022-09-07,241.54,0,0,5.91,0,0,0,193.07,191.97,0,0,0,0,90.0,0.0,0,0.0,0,10,0,0,610,144,32141.25,1833.84,1468.91,0.0,0.0,0.0,0.0,0.0,948.42,88.68,251.31,142.11,177.5,942.09,48.11,254.66,142.93,176.5,10.1,3.85,0.01,0.36,1.7,52522.0,11.41,4.1,0.0,0.08,1.14,46784.0,7.87,0,0,57.0
2022-09-08,265.59,0,0,6.48,0,0,0,201.03,201.63,0,0,0,0,69.37,0.0,0,0.0,0,0,0,0,370,72,33258.75,2361.96,1473.43,0.0,0.0,0.0,0.0,0.0,948.62,88.48,253.62,146.79,177.74,960.26,48.96,250.81,137.62,175.06,10.24,1.97,0.0,0.74,1.34,52702.0,11.4,4.05,0.0,0.14,1.37,46956.0,7.94,0,0,72.4
2022-09-09,632.18,0,0,5.71,0,0,0,187.09,187.78,0,0,0,0,0.0,0.0,0,0.0,0,0,0,0,149,216,32801.25,1808.28,1457.08,0.0,0.0,0.0,0.0,0.0,971.88,87.27,253.21,148.74,178.98,950.37,48.16,250.2,146.26,177.33,10.3,1.01,0.0,1.46,1.17,52812.0,11.62,4.29,0.0,0.47,1.41,46446.0,8.0,0,0,45.5
2022-09-10,0.0,0,0,0.0,0,0,0,180.91,181.02,0,0,0,0,0.0,0.0,0,0.0,0,0,0,0,547,108,32865.0,4480.92,1458.36,0.0,0.0,0.0,0.0,0.0,997.58,88.13,250.61,143.7,178.01,965.47,48.98,248.93,142.23,176.64,10.55,1.16,0.0,1.02,1.0,49872.0,11.55,3.96,0.0,0.29,1.44,45474.0,8.04,0,0,47.7
2022-09-11,0.0,0,0,0.0,0,0,0,191.84,183.31,0,0,0,0,0.0,0.0,0,0.0,0,0,0,0,252,0,32947.5,4469.04,1441.7,0.0,0.0,0.0,0.0,0.0,977.69,88.73,253.13,149.11,179.11,946.74,47.75,247.24,139.9,176.33,10.29,2.18,0.03,0.67,1.13,51274.0,11.6,4.52,0.0,0.23,1.44,46008.0,8.12,0,0,33.6
2022-09-12,749.44,0,0,2.14,0,0,0,183.19,185.28,0,0,0,0,0.0,0.0,0,0.0,0,0,0,0,523,180,32343.75,2063.88,1463.45,0.0,0.0,0.0,0.0,0.0,970.97,88.62,250.1,147.14,178.94,992.92,47.74,253.99,140.51,175.93,10.24,0.84,0.0,0.88,0.98,51414.0,11.74,4.04,0.0,0.33,1.41,45536.0,7.97,0,0,67.9
2022-09-13,339.32,0,0,6.83,0,0,0,184.74,182.02,0,0,0,0,73.89,0.0,0,0.0,0,0,0,0,236,360,32178.75,1521.36,1450.51,0.0,0.0,0.0,0.0,0.0,987.23,89.36,252.66,145.28,177.73,1014.86,84.69,250.35,146.28,177.8,10.19,1.05,0.0,0.51,1.31,51510.0,11.5,3.21,0.0,0.62,1.64,44442.0,8.0,0,0,105.7
2022-09-14,309.15,0,0,6.88,0,0,0,191.38,176.79,0,0,0,0,93.74,0.0,0,0.0,0,0,0,0,518,432,31395.0,1171.08,1429.76,0.0,0.0,0.0,0.0,0.0,978.32,91.42,250.69,151.33,178.66,1039.7,90.54,250.24,141.62,176.88,10.08,1.45,0.0,0.46,1.34,51982.0,11.32,3.12,0.0,0.18,1.49,42912.0,8.0,0,0,48.3
2022-09-15,261.05,0,0,5.33,0,0,0,180.59,180.52,0,0,0,0,71.18,0.0,0,0.0,0,0,0,0,380,828,30517.5,412.92,1437.38,0.0,0.0,0.0,0.0,0.0,977.64,91.46,252.74,150.87,178.85,1005.56,64.54,243.75,142.85,177.56,10.23,2.18,0.0,0.52,1.0,50950.0,11.75,3.81,0.0,0.47,1.39,43342.0,8.0,0,0,24.9
2022-09-16,297.07,0,0,5.87,0,0,0,187.96,183.7,0,0,0,0,70.71,0.0,0,0.0,0,0,0,0,301,1296,30603.75,358.56,1424.64,0.0,0.0,0.0,0.0,0.0,993.35,92.13,250.6,144.07,178.34,976.02,49.11,248.2,147.26,177.92,10.23,2.33,0.0,0.28,1.28,50498.0,12.11,4.67,0.0,0.53,1.57,42762.0,7.61,0,0,31.4
2022-09-17,530.25,0,0,4.74,0,0,0,176.34,176.25,0,0,0,0,51.77,0.0,0,0.0,0,0,0,0,520,828,30858.75,527.04,1453.66,0.0,0.0,0.0,0.0,0.0,994.5,92.49,249.55,144.33,177.9,968.88,48.83,249.26,147.23,178.15,10.13,1.96,0.0,0.51,1.29,50506.0,12.06,5.84,0.0,0.82,1.62,42672.0,7.61,0,0,103.2
2022-09-18,0.0,0,0,0.0,0,0,0,183.6,181.36,0,0,0,0,0.0,0.0,0,0.0,0,0,0,0,213,252,29741.25,1782.36,1458.12,0.0,0.0,0.0,0.0,0.0,1009.63,92.76,248.83,145.4,178.17,952.32,48.61,242.82,141.26,177.18,10.02,4.24,0.01,0.45,1.04,51590.0,11.94,7.67,0.0,0.43,1.47,43336.0,7.62,0,0,45.6
2022-09-19,556.29,0,0,5.6,0,0,0,171.51,180.98,0,0,0,0,98.98,0.0,0,0.0,0,0,0,0,658,1116,30243.75,680.76,1466.67,0.0,0.0,0.0,0.0,0.0,1012.3,90.87,248.83,144.5,177.93,971.05,48.04,247.87,137.29,175.99,10.28,3.35,0.01,0.35,1.28,51462.0,12.11,7.45,0.0,0.16,1.6,42828.0,7.56,0,0,75.4
2022-09-20,328.96,0,0,6.16,0,0,0,175.93,172.88,0,0,0,0,75.04,0.0,0,0.0,0,0,0,0,165,288,32257.5,2416.32,1457.77,0.0,0.0,0.0,0.0,0.0,1010.77,90.12,252.33,146.05,177.52,993.14,47.59,253.9,143.1,176.56,10.48,1.6,0.0,0.32,0.54,49974.0,12.19,5.59,0.0,0.27,1.55,41226.0,7.67,0,0,35.7
2022-09-21,286.54,0,0,4.95,0,0,0,173.67,170.85,0,0,0,0,73.47,0.0,0,6.59,0,10,0,0,526,432,31020.0,1516.68,1453.69,0.0,0.0,0.0,0.0,0.0,960.15,88.8,252.85,144.24,177.04,999.89,46.99,252.65,142.88,176.45,10.34,1.85,0.0,0.34,0.82,50578.0,12.3,5.07,0.0,0.39,1.31,40118.0,7.75,0,0,65.0
2022-09-22,336.32,0,0,5.45,0,0,0,181.7,184.01,0,0,0,0,71.1,0.0,0,0.0,0,0,0,0,240,504,30112.5,1054.8,1458.46,0.0,0.0,0.0,0.0,0.0,977.81,89.01,253.28,142.52,177.07,1011.75,45.37,247.61,140.35,176.51,10.28,3.43,0.0,0.39,1.34,50124.0,12.33,6.06,0.0,0.33,1.39,40528.0,7.75,0,0,25.0
2022-09-23,436.6,0,0,5.91,0,0,0,180.97,181.46,0,0,0,0,48.05,0.0,0,0.0,0,0,0,0,530,1044,29868.75,504.72,1464.24,0.0,0.0,0.0,0.0,0.0,964.9,87.9,253.98,145.68,177.37,1012.43,43.4,249.4,143.06,176.57,10.31,3.65,0.0,0.41,1.48,49982.0,12.53,5.45,0.06,0.74,1.46,40468.0,7.75,0,0,68.7
2022-09-24,471.18,0,0,5.04,0,0,0,150.33,158.24,0,0,0,0,24.6,0.0,0,0.0,0,0,0,0,345,864,29385.0,1092.6,1390.96,0.0,0.0,0.0,0.0,0.0,955.56,86.69,248.39,142.33,176.97,1005.09,42.72,249.61,140.45,176.28,10.73,5.93,0.66,0.61,1.52,46360.0,12.86,6.39,0.1,1.08,1.45,38408.0,8.07,0,0,46.9
2022-09-25,0.0,0,0,0.0,0,0,0,181.95,172.36,0,0,0,0,0.0,0.0,0,0.0,0,0,0,0,136,144,30150.0,2099.16,1434.09,0.0,0.0,0.0,0.0,0.0,963.93,87.61,249.98,142.19,177.19,996.09,43.77,250.01,140.08,176.55,10.14,1.18,0.0,0.52,1.57,50780.0,13.11,5.96,0.0,0.24,1.49,37218.0,8.23,0,0,27.6
2022-09-26,532.28,0,0,5.35,0,0,0,178.87,173.92,0,0,0,0,102.23,0.0,0,0.0,0,0,0,0,620,0,30750.0,1578.6,1436.76,0.0,0.0,0.0,0.0,0.0,964.44,87.83,252.92,144.55,177.4,1005.37,44.59,253.7,139.13,175.98,10.14,2.05,0.01,0.4,1.38,50406.0,12.86,5.21,0.0,0.38,1.46,37994.0,8.21,0,0,45.6
2022-09-27,433.36,0,0,6.11,0,0,0,168.79,173.64,0,0,0,0,50.63,0.0,0,0.0,0,0,0,0,203,1440,29767.5,748.44,1430.94,0.0,0.0,0.0,0.0,0.0,961.71,51.91,252.23,146.81,178.03,1004.52,44.81,254.79,137.19,175.83,10.57,3.6,0.01,0.76,1.43,48772.0,12.81,5.26,0.0,0.13,1.49,38188.0,8.11,0,0,102.7
2022-09-28,322.01,0,0,5.11,0,0,0,175.12,169.08,0,0,0,0,73.65,0.0,0,0.0,0,10,0,0,579,1944,29193.75,156.6,1439.1,0.0,0.0,0.0,0.0,0.0,1000.66,32.91,253.3,148.14,178.11,992.89,45.38,252.42,143.29,176.52,10.42,3.0,0.0,1.13,1.24,49644.0,12.86,5.43,0.0,0.44,1.62,38046.0,8.22,0,0,40.5
2022-09-29,448.53,0,0,5.3,0,0,0,182.05,183.36,0,0,0,0,94.98,0.0,0,0.0,0,0,0,0,240,1188,30093.75,578.88,1457.25,0.0,0.0,0.0,0.0,0.0,966.96,32.94,252.81,147.22,177.76,955.16,46.2,252.89,138.21,175.33,10.37,1.78,0.04,0.88,1.12,49624.0,12.78,3.97,0.0,0.13,1.57,38548.0,8.32,0,0,27.3
2022-09-30,436.17,0,0,5.25,0,0,0,170.99,171.81,0,0,0,0,68.06,0.0,0,0.0,0,0,0,0,610,360,31586.25,1647.36,1438.75,0.0,0.0,0.0,0.0,0.0,943.12,32.7,252.07,144.88,177.7,1022.45,46.27,249.94,137.41,175.67,10.48,2.1,0.0,0.53,1.16,49442.0,13.02,4.23,0.0,0.14,1.48,37070.0,8.32,0,0,79.7
2022-10-01,494.87,0,0,5.06,0,0,0,173.75,175.69,0,0,0,0,24.82,0.0,0,0.0,0,0,0,0,173,216,31522.5,1783.44,1404.57,0.0,0.0,0.0,0.0,0.0,939.29,32.23,254.1,148.74,178.03,996.32,46.23,253.47,144.22,177.47,10.63,3.05,0.0,0.39,0.88,49062.0,13.01,4.73,0.0,0.15,1.39,35830.0,8.32,0,0,22.0
2022-10-02,0.0,0,0,0.0,0,0,0,181.82,176.43,0,0,0,0,0.0,0.0,0,0.0,0,0,0,0,539,1188,31316.25,2853.36,1442.15,0.0,0.0,0.0,0.0,0.0,945.38,31.91,252.15,147.55,177.62,1001.42,45.38,253.36,142.58,176.78,10.51,2.61,0.02,0.47,0.99,50278.0,13.14,5.03,0.0,0.08,1.46,36120.0,8.16,0,0,73.0
2022-10-03,544.62,0,0,2.42,0,0,0,174.83,172.09,0,0,0,0,0.0,0.0,0,0.0,0,0,0,0,178,1296,29857.5,762.12,1444.37,0.0,0.0,0.0,0.0,0.0,940.87,32.55,253.72,147.21,177.18,1001.79,44.53,249.94,145.03,176.59,10.36,2.72,0.0,0.45,1.32,50324.0,13.3,5.29,0.0,0.15,1.84,36598.0,8.26,0,0,36.1
2022-10-04,523.41,0,0,4.79,0,0,0,182.35,179.31,0,0,0,0,103.06,0.0,0,0.0,0,0,0,0,605,504,31863.75,1419.48,1462.88,0.0,0.0,0.0,0.0,0.0,962.47,31.78,252.48,146.41,177.28,1010.56,43.74,253.46,145.27,177.0,10.25,2.12,0.0,0.29,1.29,51590.0,13.29,4.75,0.0,0.22,1.54,36934.0,8.19,0,0,47.9
2022-10-05,287.01,0,0,4.44,0,0,0,191.66,188.83,0,0,0,0,70.43,0.0,0,0.0,0,0,0,0,499,108,33086.25,2363.04,1431.27,0.0,0.0,0.0,0.0,0.0,943.17,30.28,252.45,150.09,176.63,963.72,42.06,255.27,146.58,175.94,10.35,3.73,0.0,0.3,0.9,52896.0,13.56,5.23,0.0,0.09,1.48,35848.0,8.38,0,0,24.1
2022-10-06,298.85,0,0,4.44,0,0,0,211.68,208.87,0,0,0,0,73.84,0.0,0,0.0,0,0,0,0,225,972,32628.75,1139.04,1523.05,0.0,0.0,0.0,0.0,0.0,943.76,29.42,250.5,151.32,175.88,961.23,40.19,255.29,143.0,173.68,10.56,4.01,0.02,0.27,0.92,53320.0,13.67,5.83,0.0,0.02,1.6,36862.0,8.27,0,0,49.2
2022-10-07,301.93,0,0,3.72,0,0,0,195.43,189.47,0,0,0,0,69.05,0.0,0,0.0,0,0,0,0,217,252,33427.5,2279.16,1525.0,0.0,0.0,0.0,0.0,0.0,988.88,28.64,249.99,149.38,175.52,956.7,40.41,252.27,138.34,173.04,10.48,1.49,0.0,0.34,0.63,52244.0,11.96,4.29,0.0,0.02,1.46,43290.0,8.19,0,0,62.0
2022-10-08,445.5,0,0,3.3,0,0,0,189.33,181.12,0,0,0,0,0.0,0.0,0,0.0,0,0,0,478,570,36,33532.5,3426.12,1458.29,0.0,0.0,0.0,0.0,0.0,967.2,28.15,252.33,150.25,175.69,938.83,40.26,253.41,136.74,172.58,10.53,2.24,0.0,0.59,0.53,51822.0,10.35,4.14,0.0,0.0,1.09,48802.0,8.19,0,0,86.3
2022-10-09,0.0,0,0,0.0,0,0,0,196.24,196.06,0,0,0,0,0.0,0.0,0,0.0,0,0,0,0,137,0,34406.25,5454.36,1474.31,0.0,0.0,0.0,0.0,0.0,980.49,27.49,249.82,149.19,176.63,938.84,39.27,249.52,132.11,172.94,10.55,1.9,0.0,0.32,0.46,52064.0,9.77,3.31,0.0,0.0,1.2,52978.0,8.19,0,0,43.6
2022-10-10,535.75,0,0,1.48,0,0,0,195.72,43.69,0,0,0,0,0.0,0.0,0,0.0,0,0,0,159,654,1116,29028.75,3283.2,925.61,0.0,0.0,0.0,0.0,0.0,976.77,25.68,250.16,145.14,174.13,971.08,38.2,231.79,131.25,166.57,10.4,3.75,0.2,0.49,0.62,52960.0,10.02,9.07,0.0,0.0,1.52,60226.0,8.24,0,0,56.1
2022-10-11,391.13,0,0,4.68,0,0,0,188.29,0.0,0,0,0,0,72.3,0.0,0,0.0,0,0,0,0,163,396,27435.0,3489.48,744.72,0.0,0.0,0.0,0.0,0.0,968.94,25.32,250.95,144.67,172.07,0.0,0.0,0.0,0.0,0.0,10.51,2.21,0.07,0.45,1.14,51562.0,0.0,0.0,0.0,0.0,0.0,0.0,7.84,0,0,60.5
2022-10-12,276.26,0,0,4.27,0,0,0,195.26,37.49,0,0,0,0,73.69,0.0,0,0.0,0,0,0,2157,250,3636,25248.75,1680.48,866.73,0.0,0.0,0.0,0.0,0.0,960.9,25.54,248.14,151.05,171.98,1017.92,90.48,244.9,131.27,165.28,10.75,4.23,0.3,0.81,1.45,51754.0,10.41,7.97,0.0,0.0,1.38,59892.0,7.9,0,0,41.0
2022-10-13,275.71,0,0,3.83,0,0,0,188.86,183.99,0,0,0,0,72.85,0.0,0,0.0,0,0,0,0,610,72,33438.75,3120.84,1411.94,0.0,0.0,0.0,0.0,0.0,971.91,27.17,239.84,151.03,177.1,980.51,45.53,251.95,132.69,166.46,10.63,3.33,0.0,0.3,0.98,51812.0,10.21,4.6,0.0,0.0,1.26,50886.0,7.04,0,0,50.4
2022-10-14,372.8,0,0,3.55,0,0,0,179.43,165.46,0,0,0,0,49.3,0.0,0,0.0,0,0,27893,0,218,0,33022.5,3575.16,1357.27,0.0,0.0,0.0,0.0,0.0,971.35,28.35,240.69,149.49,177.26,965.36,28.87,257.08,139.75,171.83,10.81,2.38,0.0,0.14,0.93,47904.0,10.51,3.31,0.0,0.15,1.32,47582.0,7.87,0,0,61.8
2022-10-15,450.88,0,0,2.8,0,0,0,151.14,142.8,0,0,0,0,25.7,0.0,0,0.0,0,0,0,0,201,0,32028.75,3880.44,1281.42,0.0,0.0,0.0,0.0,0.0,929.17,28.9,252.18,147.57,177.21,964.68,29.55,256.76,134.2,169.34,11.15,1.98,0.0,0.12,1.59,44918.0,10.45,3.28,0.0,0.15,1.26,45992.0,7.85,0,0,51.1
2022-10-16,0.0,0,0,0.0,0,0,0,175.39,165.66,0,0,0,0,0.0,0.0,0,0.0,0,0,0,0,517,0,32332.5,5494.68,1314.09,0.0,0.0,0.0,0.0,0.0,938.42,28.88,250.34,146.7,177.15,951.67,29.03,251.89,133.09,167.3,10.67,2.19,0.0,0.18,1.59,48458.0,10.59,3.81,0.0,0.12,1.22,46036.0,7.85,0,0,33.4
2022-10-17,507.07,0,0,4.85,0,0,0,183.94,176.75,0,0,0,0,52.53,0.0,0,0.0,0,0,0,0,181,0,33750.0,4803.48,1321.59,0.0,0.0,0.0,0.0,0.0,942.27,27.34,250.16,145.97,176.56,975.67,27.65,253.6,136.02,167.29,10.8,1.82,0.0,0.12,1.55,48316.0,10.67,3.61,0.0,0.2,1.38,46514.0,7.85,0,0,54.8
2022-10-18,348.52,0,0,4.19,0,0,0,176.69,169.97,0,0,0,0,73.84,0.0,0,0.0,0,0,0,0,673,0,34661.25,4788.0,1346.81,0.0,0.0,0.0,0.0,0.0,939.17,25.59,249.19,147.42,176.44,958.22,28.55,250.86,143.61,168.21,11.01,3.21,0.0,0.27,1.98,47528.0,10.8,4.05,0.0,0.73,1.62,47840.0,8.01,0,0,30.2
2022-10-19,255.05,0,0,3.46,0,0,0,175.04,173.75,0,0,0,0,49.99,0.0,0,6.14,0,10,0,0,193,1440,30656.25,2614.32,1381.92,0.0,0.0,0.0,0.0,0.0,999.16,25.21,250.08,148.52,176.65,947.36,25.51,251.26,141.7,166.79,10.96,2.73,0.01,0.42,1.45,47896.0,10.59,3.97,0.0,0.92,1.69,49408.0,8.12,0,0,73.9
2022-10-20,374.44,0,0,3.51,0,0,0,171.41,175.32,0,0,0,0,69.44,0.0,0,0.0,0,0,0,0,404,3096,28331.25,578.52,1369.12,0.0,0.0,0.0,0.0,0.0,1007.43,25.73,249.86,148.71,176.28,950.88,26.51,250.97,141.15,167.61,10.88,1.8,0.0,0.34,1.37,47336.0,10.43,3.28,0.0,0.7,1.59,47406.0,7.89,0,0,51.8
2022-10-21,321.12,0,0,4.31,0,0,0,179.25,175.23,0,0,0,0,75.63,0.0,0,0.0,0,0,0,0,376,180,31275.0,1670.4,1377.67,0.0,0.0,0.0,0.0,0.0,991.22,26.14,248.81,148.72,176.17,963.7,26.98,250.61,143.31,168.4,10.8,2.73,0.0,0.47,1.08,47956.0,10.44,3.17,0.0,0.78,1.45,47674.0,7.9,0,0,35.8
2022-10-22,452.68,0,0,3.36,0,0,0,179.68,172.12,0,0,0,0,23.19,0.0,0,0.0,0,0,0,0,115,180,29587.5,1349.28,1331.88,0.0,0.0,0.0,0.0,0.0,960.75,26.71,248.74,149.99,176.86,953.25,27.43,251.76,145.2,169.25,10.96,2.39,0.01,0.57,1.09,47558.0,10.74,3.85,0.0,0.77,1.47,46842.0,7.91,0,0,25.8
2022-10-23,0.0,0,0,0.0,0,0,0,175.58,175.31,0,0,0,0,0.0,0.0,0,0.0,0,0,0,0,525,2556,28215.0,2710.44,1384.12,0.0,0.0,0.0,0.0,0.0,939.12,26.62,247.56,147.14,176.23,974.32,27.37,251.85,143.29,168.52,10.83,2.08,0.0,0.37,1.16,48040.0,10.21,3.15,0.02,0.87,1.4,49258.0,7.91,0,0,39.1
2022-10-24,615.06,0,0,3.17,0,0,0,178.33,175.91,0,0,0,0,46.66,0.0,0,0.0,0,0,0,80,186,1296,29216.25,876.96,1405.71,0.0,0.0,0.0,0.0,0.0,968.21,25.61,247.45,151.14,167.21,948.29,26.43,244.9,138.33,176.46,10.3,3.11,0.0,0.58,1.57,48366.0,10.77,2.45,0.0,0.3,1.24,48506.0,7.91,0,0,57.9
2022-10-25,403.26,0,0,4.49,0,0,0,181.84,166.51,0,0,0,0,73.32,0.0,0,0.0,0,0,0,0,200,648,29482.5,609.84,1368.6,0.0,0.0,0.0,0.0,0.0,949.82,24.75,246.23,149.09,175.9,951.09,25.57,245.36,137.14,166.81,10.91,6.09,0.0,0.31,1.6,47872.0,10.47,3.86,0.0,0.44,1.84,46952.0,7.91,0,0,55.1
2022-10-26,323.1,0,0,3.21,0,0,0,181.13,170.73,0,0,0,0,65.66,0.0,0,0.0,0,10,0,0,545,3960,25248.75,138.6,1349.68,0.0,0.0,0.0,0.0,0.0,945.05,25.25,247.56,152.06,176.69,932.48,26.1,247.7,139.2,167.3,11.16,2.5,0.0,0.39,1.39,47060.0,10.63,3.54,0.09,0.64,1.76,47106.0,7.95,0,0,65.8
2022-10-27,375.72,0,0,3.86,0,0,0,176.36,175.44,0,0,0,0,69.19,38.7,0,0.0,0,0,0,0,357,5544,26242.5,600.48,1389.75,0.0,0.0,0.0,0.0,0.0,946.26,25.75,247.55,154.15,177.11,960.33,26.35,246.63,141.44,167.85,11.1,2.12,0.06,0.6,1.32,47314.0,10.52,3.62,0.03,1.23,1.71,49182.0,8.01,0,0,25.6
2022-10-28,412.92,0,0,3.29,0,0,0,186.9,173.79,0,0,0,0,69.17,0.0,0,0.0,0,0,0,0,6,4068,27041.25,343.44,1409.09,0.0,0.0,0.0,0.0,0.0,948.33,25.79,249.0,147.51,176.17,945.44,26.33,249.81,143.26,168.8,10.82,1.95,0.13,0.64,1.23,48400.0,10.35,3.99,0.02,1.56,1.7,49764.0,7.92,0,0,54.8
2022-10-29,438.05,0,0,3.65,0,0,0,182.06,173.01,0,0,0,0,0.0,0.0,0,0.0,0,0,0,0,286,3816,26786.25,572.4,1384.19,0.0,0.0,0.0,0.0,0.0,960.73,26.01,248.34,151.59,176.78,926.84,26.52,249.9,145.59,170.73,10.95,3.34,0.44,0.76,1.0,47598.0,10.78,4.59,0.0,1.26,1.61,47896.0,7.98,0,0,47.6
2022-10-30,0.0,0,0,0.0,0,0,0,176.46,171.11,0,0,0,0,0.0,0.0,0,0.0,0,0,0,0,422,3348,26662.5,1492.56,1413.13,0.0,0.0,0.0,0.0,0.0,963.03,26.11,247.71,146.95,176.26,943.58,26.8,249.09,144.79,171.08,10.81,2.21,0.5,0.85,0.67,48402.0,10.45,4.18,0.0,1.26,1.49,48882.0,8.04,0,0,55.5
2022-10-31,604.0,0,0,5.52,0,0,0,171.53,169.24,0,0,0,0,22.71,0.0,0,0.0,0,0,0,0,447,4032,26017.5,234.0,1394.96,0.0,0.0,0.0,0.0,0.0,982.19,26.79,250.01,149.47,176.22,950.71,27.33,247.86,144.7,170.96,10.71,1.9,0.19,0.71,0.64,48534.0,10.64,4.52,0.0,1.29,1.45,48476.0,8.04,0,0,53.4
2022-11-01,310.89,0,0,4.94,0,0,0,195.6,0.0,0,0,0,0,43.26,0.0,0,0.0,0,0,0,1683,174,4212,23681.25,221.76,726.99,0.0,0.0,0.0,0.0,0.0,974.09,27.05,249.25,152.81,176.47,0.0,0.0,0.0,0.0,0.0,10.31,4.27,0.67,0.63,0.48,51338.0,0.0,0.0,0.0,0.0,0.0,0.0,8.04,0,0,49.3
2022-11-02,309.08,0,0,4.0,0,0,0,188.58,0.0,0,0,0,0,42.16,0.0,0,0.0,0,0,0,0,114,576,24772.5,1172.16,710.5,0.0,0.0,0.0,0.0,0.0,997.35,25.3,250.46,150.23,175.0,0.0,0.0,0.0,0.0,0.0,10.7,4.83,0.48,0.7,1.08,50202.0,0.0,0.0,0.0,0.0,0.0,0.0,8.04,0,0,53.2
2022-11-03,281.55,0,0,4.12,0,0,0,176.81,0.0,0,0,0,0,44.85,0.0,0,0.0,0,0,0,0,179,1188,24723.75,626.04,715.23,0.0,0.0,0.0,0.0,0.0,995.35,24.26,249.39,150.12,174.24,0.0,0.0,0.0,0.0,0.0,10.88,3.64,0.33,0.67,1.67,49622.0,0.0,0.0,0.0,0.0,0.0,0.0,8.1,0,0,73.0
2022-11-04,327.47,0,0,4.0,0,0,0,188.78,0.0,0,0,0,0,44.49,0.0,0,0.0,0,0,0,0,99,648,26411.25,1591.2,737.93,0.0,0.0,0.0,0.0,0.0,968.33,21.87,248.26,150.26,173.11,0.0,0.0,0.0,0.0,0.0,10.68,3.14,1.5,0.83,1.85,51006.0,0.0,0.0,0.0,0.0,0.0,0.0,8.12,0,0,28.7
2022-11-05,452.81,0,0,4.06,0,0,0,203.07,0.0,0,0,0,0,0.0,0.0,0,0.0,0,0,0,0,165,360,26392.5,1932.84,740.04,0.0,0.0,0.0,0.0,0.0,958.68,21.25,245.66,142.89,172.51,0.0,0.0,0.0,0.0,0.0,10.46,5.61,0.56,0.5,1.3,52028.0,0.0,0.0,0.0,0.0,0.0,0.0,8.04,0,0,76.4
2022-11-06,0.0,0,0,0.0,0,0,0,192.7,0.0,0,0,0,0,0.0,0.0,0,0.0,0,0,0,0,128,36,25623.75,3670.2,730.0,0.0,0.0,0.0,0.0,0.0,949.28,21.38,247.47,143.8,174.12,0.0,0.0,0.0,0.0,0.0,10.51,3.87,0.22,0.48,1.21,51798.0,0.0,0.0,0.0,0.0,0.0,0.0,8.06,0,0,17.3
2022-11-07,43.2,0,0,5.27,0,0,0,193.62,0.0,0,0,0,0,22.52,0.0,0,0.0,0,0,0,0,125,1080,24693.75,978.48,745.58,0.0,0.0,0.0,0.0,0.0,952.18,22.6,249.68,146.33,174.32,0.0,0.0,0.0,0.0,0.0,10.44,4.66,0.79,0.72,1.33,52308.0,0.0,0.0,0.0,0.0,0.0,0.0,7.85,0,0,54.7
2022-11-08,45.52,0,0,6.08,0,0,0,193.54,0.0,0,0,0,0,21.51,0.0,0,0.0,0,0,0,0,120,10440,10301.0,316.08,741.62,336.85,216.6,282.0,13.0,203.6,922.27,23.99,250.75,148.33,175.13,0.0,0.0,0.0,0.0,0.0,10.34,6.09,0.15,0.52,1.77,52766.0,0.0,0.0,0.0,0.0,0.0,0.0,7.85,0,0,29.2
2022-11-09,69.49,0,0,3.87,0,0,0,192.0,0.0,0,0,0,0,22.78,0.0,0,0.0,0,0,0,408,118,22428,0.0,0.0,763.88,566.07,364.4,483.0,23.8,340.6,930.94,23.75,247.15,145.48,172.69,0.0,0.0,0.0,0.0,0.0,10.52,11.52,0.3,0.52,1.91,52636.0,0.0,0.0,0.0,0.0,0.0,0.0,7.85,0,0,17.7
2022-11-10,36.31,0,0,0.0,0,0,0,195.02,0.0,0,0,0,0,0.0,0.0,0,0.0,0,0,0,0,67,23148,0.0,0.0,731.25,601.06,387.4,514.0,25.6,361.8,972.9,23.88,247.02,143.97,174.09,0.0,0.0,0.0,0.0,0.0,10.25,8.45,0.04,0.5,1.74,52786.0,0.0,0.0,0.0,0.0,0.0,0.0,7.85,0,0,35.8
2022-11-11,37.56,0,0,0.0,0,0,0,0.0,0.0,0,0,0,0,0.0,0.0,0,0.0,0,10,0,455,50,13716,0.0,0.0,0.0,51.32,33.0,48.0,2.3,30.7,0.0,0.0,0.0,0.0,0.0,0.0,0.0,0.0,0.0,0.0,0.0,0.0,0.0,0.0,0.0,0.0,0.0,0.0,0.0,0.0,0.0,0.0,7.85,0,0,5.5
2022-11-12,0.0,0,0,0.0,0,0,0,0.0,0.0,0,0,0,0,0.0,0.0,0,0.0,0,0,0,1200,31,11736,0.0,0.0,0.0,0.0,0.0,0.0,0.0,0.0,0.0,0.0,0.0,0.0,0.0,0.0,0.0,0.0,0.0,0.0,0.0,0.0,0.0,0.0,0.0,0.0,0.0,0.0,0.0,0.0,0.0,0.0,7.81,0,0,5.4
2022-11-13,0.0,0,0,0.0,0,0,0,0.0,0.0,0,0,0,0,0.0,0.0,0,0.0,0,0,0,636,8,13183,0.0,0.0,0.0,0.0,0.0,0.0,0.0,0.0,0.0,0.0,0.0,0.0,0.0,0.0,0.0,0.0,0.0,0.0,0.0,0.0,0.0,0.0,0.0,0.0,0.0,0.0,0.0,0.0,0.0,0.0,7.81,0,0,3.1
2022-11-14,0.0,0,0,0.0,0,0,0,0.0,0.0,0,0,0,0,0.0,0.0,0,0.0,0,0,0,565,202,12132,0.0,0.0,0.0,0.0,0.0,0.0,0.0,0.0,0.0,0.0,0.0,0.0,0.0,0.0,0.0,0.0,0.0,0.0,0.0,0.0,0.0,0.0,0.0,0.0,0.0,0.0,0.0,0.0,0.0,0.0,7.85,0,0,4.8
2022-11-15,0.0,0,0,0.0,0,0,0,0.0,0.0,0,0,0,0,0.0,0.0,0,0.0,0,0,0,544,79,10944,0.0,0.0,0.0,0.0,0.0,0.0,0.0,0.0,0.0,0.0,0.0,0.0,0.0,0.0,0.0,0.0,0.0,0.0,0.0,0.0,0.0,0.0,0.0,0.0,0.0,0.0,0.0,0.0,0.0,0.0,7.83,0,0,31.7
2022-11-16,0.0,0,0,0.0,0,0,0,0.0,0.0,0,0,0,0,0.0,0.0,0,0.0,0,0,0,576,103,11088,0.0,0.0,0.0,0.0,0.0,0.0,0.0,0.0,0.0,0.0,0.0,0.0,0.0,0.0,0.0,0.0,0.0,0.0,0.0,0.0,0.0,0.0,0.0,0.0,0.0,0.0,0.0,0.0,0.0,0.0,7.82,0,0,31.6
2022-11-17,0.0,0,0,0.0,0,0,0,0.0,0.0,0,0,0,0,0.0,0.0,0,0.0,0,0,0,630,35,9900,0.0,0.0,0.0,0.0,0.0,0.0,0.0,0.0,0.0,0.0,0.0,0.0,0.0,0.0,0.0,0.0,0.0,0.0,0.0,0.0,0.0,0.0,0.0,0.0,0.0,0.0,0.0,0.0,0.0,0.0,7.83,0,0,0.0
2022-11-18,0.0,0,0,0.0,0,0,0,0.0,0.0,0,0,0,0,0.0,0.0,0,0.0,0,0,0,139,6,1620,0.0,0.0,0.0,0.0,0.0,0.0,0.0,0.0,0.0,0.0,0.0,0.0,0.0,0.0,0.0,0.0,0.0,0.0,0.0,0.0,0.0,0.0,0.0,0.0,0.0,0.0,0.0,0.0,0.0,0.0,7.83,0,0,3.1
2022-11-19,0.0,0,0,0.0,0,0,0,0.0,0.0,0,0,0,0,0.0,0.0,0,0.0,0,0,0,255,25,17388,0.0,0.0,0.0,0.0,0.0,0.0,0.0,0.0,0.0,0.0,0.0,0.0,0.0,0.0,0.0,0.0,0.0,0.0,0.0,0.0,0.0,0.0,0.0,0.0,0.0,0.0,0.0,0.0,0.0,0.0,7.83,0,0,26.1
2022-11-20,0.0,0,0,0.0,0,0,0,0.0,0.0,0,0,0,0,0.0,0.0,0,0.0,0,0,0,370,12,9936,0.0,0.0,0.0,0.0,0.0,0.0,0.0,0.0,0.0,0.0,0.0,0.0,0.0,0.0,0.0,0.0,0.0,0.0,0.0,0.0,0.0,0.0,0.0,0.0,0.0,0.0,0.0,0.0,0.0,0.0,7.83,0,0,0.0
2022-11-21,0.0,0,0,4.78,0,0,0,0.0,113.24,0,0,0,0,0.0,39.06,0,0.0,0,0,0,13166,83,21240,0.0,0.0,545.11,240.09,153.7,194.0,9.1,144.6,0.0,0.0,0.0,0.0,0.0,987.26,94.98,220.98,136.69,170.57,0.0,0.0,0.0,0.0,0.0,0.0,10.46,14.92,0.0,1.21,2.67,50785.3,7.83,0,0,10.2
2022-11-22,0.0,0,0,5.89,0,0,0,0.0,170.13,0,0,0,0,23.01,0.0,0,0.0,0,0,0,0,88,22788,0.0,0.0,796.19,399.34,255.6,327.0,15.4,240.2,0.0,0.0,0.0,0.0,0.0,986.83,70.96,245.67,143.27,172.58,0.0,0.0,0.0,0.0,0.0,0.0,10.4,4.53,0.0,0.93,2.64,51838.0,7.83,0,0,60.2
2022-11-23,0.0,0,0,4.74,0,0,0,0.0,175.73,0,0,0,0,46.97,0.0,0,0.0,0,10,0,0,214,22608,0.0,0.0,781.47,426.55,273.2,351.0,16.6,256.6,0.0,0.0,0.0,0.0,0.0,980.92,62.14,251.24,144.33,174.66,0.0,0.0,0.0,0.0,0.0,0.0,10.27,4.18,0.01,1.46,2.59,52424.0,7.91,0,0,107.3
2022-11-24,0.0,0,0,4.56,0,0,0,0.0,175.24,0,0,0,0,47.92,0.0,0,0.0,0,0,0,0,121,21996,0.0,0.0,786.24,466.39,298.9,388.0,18.4,280.5,0.0,0.0,0.0,0.0,0.0,985.42,86.43,254.47,142.0,173.92,0.0,0.0,0.0,0.0,0.0,0.0,10.34,4.11,0.0,0.48,2.66,52154.0,7.93,0,0,36.0
2022-11-25,463.17,0,0,5.09,0,0,0,0.0,180.99,0,0,0,0,44.21,0.0,0,0.0,0,0,0,0,74,21888,0.0,0.0,780.55,451.81,289.8,374.0,18.2,271.6,0.0,0.0,0.0,0.0,0.0,963.22,87.69,250.2,143.02,173.92,0.0,0.0,0.0,0.0,0.0,0.0,10.25,4.42,0.0,0.38,2.12,52658.0,7.96,0,0,24.7
2022-11-26,470.53,0,0,5.66,0,0,0,0.0,180.21,0,0,0,0,0.0,0.0,0,0.0,0,0,0,197,98,21600,0.0,0.0,733.4,408.06,261.5,332.0,16.0,245.5,0.0,0.0,0.0,0.0,0.0,934.05,86.25,250.0,142.43,173.23,0.0,0.0,0.0,0.0,0.0,0.0,10.94,6.1,0.0,0.2,1.74,50050.0,7.96,0,0,5.0
2022-11-27,0.0,0,0,0.0,0,0,0,0.0,184.44,0,0,0,0,0.0,0.0,0,0.0,0,0,0,0,245,21960,0.0,0.0,743.99,466.45,299.2,387.0,18.7,280.5,0.0,0.0,0.0,0.0,0.0,955.83,85.26,251.22,146.25,176.05,0.0,0.0,0.0,0.0,0.0,0.0,10.98,5.91,0.0,0.5,1.59,50906.0,7.86,0,0,38.2
2022-11-28,484.65,0,0,5.69,0,0,0,0.0,186.65,0,0,0,0,65.15,0.0,0,0.0,0,0,0,0,308,20088,0.0,0.0,780.27,455.84,292.4,383.0,18.3,274.1,0.0,0.0,0.0,0.0,0.0,939.17,83.52,250.09,146.26,173.58,0.0,0.0,0.0,0.0,0.0,0.0,10.55,5.31,0.0,0.48,1.87,52652.0,7.86,0,0,40.3
2022-11-29,414.92,0,0,5.57,0,0,0,0.0,199.02,0,0,0,0,46.68,0.0,0,0.0,0,0,0,0,127,25020,0.0,0.0,789.55,434.95,278.9,357.0,17.2,261.7,0.0,0.0,0.0,0.0,0.0,914.04,80.14,250.56,148.38,171.72,0.0,0.0,0.0,0.0,0.0,0.0,10.78,5.8,0.0,0.53,1.77,52758.0,7.82,0,0,57.3
2022-11-30,203.56,0,0,4.26,0,0,0,0.0,196.2,0,0,0,0,72.71,0.0,0,0.0,0,0,0,1688,94,26280,0.0,0.0,763.06,435.31,280.0,360.0,18.6,261.4,0.0,0.0,0.0,0.0,0.0,926.07,77.9,246.07,151.1,173.88,0.0,0.0,0.0,0.0,0.0,0.0,11.04,6.05,0.0,0.71,1.66,52616.0,7.84,0,0,3.0
2022-12-01,315.56,0,0,3.67,0,0,0,138.31,201.36,0,0,0,0,52.38,0.0,0,6.65,0,0,0,6568,115,30168,0.0,0.0,1226.08,795.95,530.9,742.0,41.3,489.6,963.62,82.39,237.01,148.92,170.66,930.9,77.87,248.68,149.04,173.45,11.0,8.73,0.0,0.4,2.11,46836.0,10.92,5.46,0.0,0.37,2.06,52626.0,7.88,0,0,56.3
2022-12-02,363.25,0,0,3.07,0,0,0,192.36,194.82,0,0,0,0,42.28,0.0,0,0.0,0,0,0,0,163,30672,0.0,0.0,1462.93,1031.63,688.1,976.0,55.6,632.5,959.25,82.91,245.06,147.39,171.75,953.45,80.48,245.67,146.82,173.73,11.01,2.92,0.0,0.26,1.91,48246.0,10.56,4.37,0.0,0.03,1.71,52654.0,7.89,0,0,33.4
2022-12-03,493.9,0,0,5.09,0,0,0,193.32,191.79,0,0,0,0,0.0,0.0,0,0.0,0,0,0,0,137,30060,0.0,0.0,1416.31,1001.95,668.3,952.0,53.7,614.6,932.76,83.17,249.26,149.77,171.43,936.32,79.36,245.86,145.18,173.69,11.18,5.22,0.0,0.44,1.89,47772.0,11.11,5.84,0.0,0.04,1.24,49858.0,7.89,0,0,75.4
2022-12-04,0.0,0,0,0.0,0,0,0,198.31,190.59,0,0,0,0,0.0,0.0,0,0.0,0,0,0,0,469,29736,0.0,0.0,1424.26,1034.48,690.0,970.0,55.6,634.4,930.72,82.07,249.63,152.57,172.4,954.54,78.64,248.7,148.66,174.01,11.34,5.7,0.0,0.43,1.58,48246.0,11.25,6.18,0.0,0.03,1.33,50218.0,7.89,0,0,37.2
2022-12-05,482.38,0,0,8.97,0,0,0,181.69,178.35,0,0,0,0,47.61,0.0,0,0.0,0,0,0,0,210,32328,0.0,0.0,1430.44,995.5,664.0,940.0,53.3,610.7,933.5,81.12,247.55,147.48,170.75,957.39,77.07,249.93,147.85,173.2,11.43,6.64,0.0,0.5,1.73,47750.0,11.22,6.63,0.0,0.06,1.51,50028.0,7.89,0,0,3.0
2022-12-06,332.99,0,0,5.44,0,0,0,188.62,185.93,0,0,0,0,50.13,0.0,0,0.0,0,0,0,0,162,30672,0.0,0.0,1416.18,978.41,652.6,922.0,52.5,600.1,942.0,82.78,246.8,144.82,170.95,960.72,82.24,249.99,139.17,172.56,11.16,7.91,0.0,0.96,1.95,47660.0,10.77,5.55,0.01,0.01,1.05,50190.0,7.78,0,0,51.9
2022-12-07,305.25,0,0,3.98,0,0,0,192.64,181.22,0,0,0,0,21.46,0.0,0,0.0,0,0,0,30,222,30960,0.0,0.0,1451.14,996.85,664.9,947.0,53.3,611.6,924.65,84.2,249.08,144.08,171.61,938.52,83.24,254.14,139.93,173.45,10.99,10.97,0.0,0.9,2.35,49540.0,10.67,5.4,0.0,0.03,1.32,50044.0,7.76,0,0,35.7
2022-12-08,354.93,0,0,4.02,0,0,0,180.16,177.68,0,0,0,0,95.45,0.0,0,0.0,0,0,0,0,132,29988,0.0,0.0,1393.62,988.31,659.2,936.0,54.0,605.2,936.21,84.3,250.32,144.46,171.95,945.87,84.23,255.95,135.43,173.27,11.56,8.48,0.0,0.86,2.08,46590.0,10.64,4.86,0.0,0.0,1.26,49392.0,7.77,0,0,26.2
2022-12-09,330.58,0,0,3.61,0,0,0,189.19,190.18,0,0,0,0,47.28,0.0,0,0.0,0,0,0,0,478,30024,0.0,0.0,1453.16,1036.73,691.5,986.0,55.1,636.4,955.8,85.52,251.08,153.28,174.7,926.54,88.65,257.66,148.12,175.21,11.16,6.95,0.0,1.06,1.79,48008.0,10.14,5.11,0.02,0.17,1.37,52216.0,7.78,0,0,34.8
2022-12-10,500.74,0,0,3.91,0,0,0,172.21,172.23,0,0,0,0,22.9,0.0,0,0.0,0,0,0,0,173,29484,0.0,0.0,1462.89,1037.03,691.7,977.0,54.9,636.8,951.04,84.58,251.17,147.85,172.64,948.72,92.27,250.22,143.13,173.84,11.02,5.58,0.0,0.94,1.81,47504.0,10.13,5.27,0.0,0.09,1.07,52272.0,7.79,0,0,47.8
2022-12-11,0.0,0,0,0.0,0,0,0,188.96,188.77,0,0,0,0,0.0,0.0,0,0.0,0,0,0,0,139,27972,0.0,0.0,1435.98,1056.07,704.4,1000.0,56.1,648.3,927.06,84.94,252.79,146.81,173.83,916.44,92.89,248.63,143.09,175.03,11.24,6.76,0.0,1.04,1.94,47624.0,10.06,4.2,0.0,0.05,1.0,52206.0,7.79,0,0,33.5
2022-12-12,449.13,0,0,5.43,0,0,0,185.38,183.95,0,0,0,0,48.65,0.0,0,0.0,430,0,0,0,175,31140,0.0,0.0,1455.0,1014.84,676.9,957.0,52.7,624.2,932.08,83.25,249.54,149.1,171.67,914.62,89.8,246.42,137.97,172.13,11.28,8.67,0.0,0.95,1.89,47604.0,10.28,4.79,0.0,0.03,0.94,51718.0,7.79,0,0,54.5
2022-12-13,258.78,0,0,5.69,0,0,0,184.04,190.09,0,0,0,0,73.82,18.41,0,0.0,0,0,0,0,144,30816,0.0,0.0,1460.5,1040.48,694.0,979.0,54.8,639.2,934.07,84.35,252.21,144.77,172.89,919.5,91.51,253.09,143.34,167.02,11.1,13.11,0.06,0.92,1.66,48428.0,9.96,7.55,0.0,0.21,1.06,53166.0,7.84,0,0,31.6
2022-12-14,337.65,0,0,3.36,0,0,0,172.81,173.08,0,0,0,0,49.17,0.0,0,0.0,0,10,29820,0,168,32292,0.0,0.0,1485.28,1039.13,693.1,983.0,55.6,637.5,943.11,81.74,251.56,144.27,168.9,918.96,88.47,253.64,145.14,172.9,11.03,7.65,0.0,0.66,1.55,47610.0,10.12,5.18,0.0,0.15,3.22,52842.0,7.84,0,0,55.2
2022-12-15,300.36,0,0,3.57,0,0,0,171.95,174.35,0,0,0,0,99.87,0.0,0,0.0,0,0,0,57,528,33336,0.0,0.0,1470.09,1013.79,676.2,977.0,55.6,620.6,939.7,80.64,251.84,147.71,168.78,932.56,58.35,256.98,143.89,173.01,11.34,7.14,0.0,0.66,1.71,47468.0,10.47,6.83,0.0,0.06,1.79,52726.0,7.88,0,0,22.9
2022-12-16,310.54,0,0,3.07,0,0,0,181.48,183.35,0,0,0,0,93.14,0.0,0,0.0,0,0,0,0,176,34452,0.0,0.0,1485.79,1098.2,732.5,1001.0,57.3,675.2,932.41,80.09,254.42,150.59,165.77,943.99,51.27,252.98,149.47,174.57,11.42,4.95,0.0,0.55,1.99,47578.0,10.78,6.29,0.0,0.14,1.59,52834.0,7.77,0,0,64.1
2022-12-17,465.63,0,0,3.5,0,0,0,175.46,175.13,0,0,0,0,0.0,0.0,0,0.0,0,0,0,0,94,32220,0.0,0.0,1487.0,1055.17,703.8,1001.0,56.7,647.1,957.21,79.3,249.17,146.14,171.58,949.48,49.96,252.45,146.9,173.63,11.29,5.67,0.0,0.72,1.67,47978.0,10.82,7.2,0.0,0.09,1.55,52802.0,7.75,0,0,36.8
2022-12-18,0.0,0,0,0.0,0,0,0,184.31,189.1,0,0,0,0,0.0,0.0,0,0.0,0,0,0,0,125,33156,0.0,0.0,1515.92,1129.24,753.2,1067.0,61.5,691.7,957.21,78.42,252.1,146.31,170.35,949.48,54.03,253.43,150.59,174.33,10.96,2.05,0.0,0.59,1.92,49906.0,10.61,5.79,0.0,0.18,1.32,55014.0,7.78,0,0,8.9
2022-12-19,421.3,0,0,3.68,0,0,0,179.47,180.16,0,0,0,0,93.27,0.0,0,0.0,0,0,0,114,223,33156,0.0,0.0,1496.09,1043.48,696.0,987.0,55.9,640.1,944.35,77.36,253.69,152.9,168.24,960.76,50.08,253.5,147.23,172.5,11.49,5.05,0.0,0.8,1.86,47536.0,10.99,7.13,0.0,0.1,1.46,52488.0,7.78,0,0,71.5
2022-12-20,344.09,0,0,4.48,0,0,0,189.35,190.22,0,0,0,0,136.8,0.0,0,0.0,0,0,0,0,223,31644,0.0,0.0,1502.44,1044.83,696.9,984.0,56.0,640.9,973.18,78.82,251.53,150.93,171.51,953.35,49.6,256.09,147.53,173.36,11.37,3.87,0.0,0.74,1.36,48230.0,10.72,6.51,0.0,0.14,1.53,53142.0,7.78,0,0,88.0
2022-12-21,369.66,0,0,4.36,0,0,0,184.81,186.27,0,0,0,0,73.86,0.0,0,0.0,0,10,0,0,368,34596,0.0,0.0,1504.31,1058.92,706.3,1003.0,56.5,649.8,949.05,80.96,250.25,146.68,171.02,949.44,52.66,252.9,148.58,174.7,11.03,5.63,0.0,0.66,1.49,49338.0,10.48,6.34,0.0,0.27,1.37,54352.0,7.99,0,0,45.3
2022-12-22,316.8,0,0,3.03,0,0,0,190.24,192.64,0,0,0,0,93.35,0.0,0,0.0,0,0,0,0,239,33840,0.0,0.0,1509.89,1080.51,720.7,1022.0,57.8,662.9,944.5,79.83,250.45,147.43,171.51,956.08,51.21,254.58,141.68,173.37,11.02,4.9,0.0,0.39,1.88,50152.0,10.34,5.79,0.0,0.06,1.67,55798.0,8.0,0,0,45.8
2022-12-23,426.68,0,0,3.21,0,0,0,179.49,184.88,0,0,0,0,95.44,0.0,0,0.0,0,0,0,0,178,34488,0.0,0.0,1470.4,1027.89,685.6,964.0,56.0,629.6,939.04,78.24,248.31,154.6,169.85,954.71,92.56,259.96,142.63,171.92,11.33,8.13,1.39,0.83,2.16,48462.0,10.58,5.83,0.0,0.04,1.28,53758.0,8.0,0,0,57.3
2022-12-24,442.88,0,0,2.45,0,0,0,175.23,178.1,0,0,0,0,0.0,0.0,0,0.0,0,0,0,0,89,31788,0.0,0.0,1489.17,1044.08,696.4,982.0,57.0,639.4,951.36,77.08,255.15,150.5,166.84,965.0,91.1,262.71,145.17,172.6,11.57,7.96,0.0,0.54,2.35,48292.0,10.82,6.29,0.0,0.11,1.43,53026.0,8.0,0,0,21.8
2022-12-25,0.0,0,0,0.0,0,0,0,193.9,193.08,0,0,0,0,0.0,0.0,0,0.0,0,0,0,36,89,31788,0.0,0.0,1500.32,1095.35,730.6,1040.0,59.6,671.0,925.82,78.31,251.21,147.44,167.45,985.49,92.2,263.54,146.13,173.9,11.28,10.31,0.0,0.58,1.7,49428.0,10.56,5.47,0.0,0.09,1.66,54014.0,8.0,0,0,16.1
2022-12-26,533.08,0,0,4.31,0,0,0,177.1,177.61,0,0,0,0,119.13,0.0,0,0.0,0,0,0,424,507,30456,0.0,0.0,1501.28,1071.81,714.9,1018.0,57.4,657.5,918.92,79.02,249.9,147.62,166.7,997.02,90.14,250.83,147.88,174.4,11.18,14.83,0.0,0.49,1.35,48698.0,10.48,5.78,0.0,0.33,1.75,51918.0,8.0,0,0,65.0
2022-12-27,391.89,0,0,5.19,0,0,0,188.94,182.14,0,0,0,0,74.87,0.0,0,0.0,0,0,0,0,117,32328,0.0,0.0,1507.3,1056.37,704.6,999.0,56.8,647.8,928.03,79.45,249.28,153.79,172.77,924.14,86.87,250.56,152.25,174.99,11.37,8.14,0.0,0.68,1.67,49532.0,10.64,5.47,0.0,0.63,1.52,52988.0,8.0,0,0,39.4
2022-12-28,409.3,0,0,3.74,0,0,0,183.31,183.99,0,0,0,0,67.54,0.0,0,0.0,0,0,0,77,100,33300,0.0,0.0,1514.48,1048.13,699.1,993.0,55.8,643.3,915.19,79.5,250.49,149.94,172.21,914.58,87.06,253.95,147.71,174.34,11.87,17.22,0.0,0.72,1.74,47012.0,10.83,6.01,0.0,0.5,1.68,52764.0,8.0,0,0,40.7
2022-12-29,397.86,0,0,3.42,0,0,0,190.68,193.7,0,0,0,0,45.23,0.0,0,0.0,0,0,0,0,136,33012,0.0,0.0,1509.19,1048.73,699.5,994.0,56.1,643.4,932.55,79.93,248.8,144.53,171.17,953.27,87.04,254.08,142.18,173.36,11.56,15.92,0.0,0.69,1.75,47788.0,10.37,6.07,0.0,0.12,1.45,53620.0,7.69,0,0,85.1
2022-12-30,398.43,0,0,3.77,0,0,0,175.58,178.65,0,0,0,0,25.48,0.0,0,0.0,0,0,0,68,334,30996,0.0,0.0,1480.5,1038.08,692.4,991.0,55.1,637.3,953.12,79.07,246.66,150.64,172.08,962.65,85.54,263.67,141.85,172.76,11.17,13.56,0.0,0.84,1.68,47796.0,10.36,5.61,0.0,0.09,0.95,51922.0,7.7,0,0,11.5
2022-12-31,496.11,0,0,4.09,0,0,0,170.08,171.6,0,0,0,0,0.0,0.0,0,0.0,0,0,0,682,356,31536,0.0,0.0,1465.75,1006.15,671.1,952.0,53.6,617.5,915.88,79.16,240.95,144.58,171.17,950.92,75.52,257.78,137.69,172.42,11.66,20.63,0.0,0.57,1.98,46608.0,10.67,7.07,0.0,0.1,0.73,50692.0,7.73,0,0,0.0
