일련번호,명칭,최종수정일,품목코드,사용여부
111,금속제이식용메쉬,2013-01-17,B03330.01,1
103,의료용온열기,2013-01-17,A16150.01,1
108,치아미맥처치용온열기,2013-01-17,A16060.05,1
112,풍선확장식혈관성형술용카테터,2014-12-24,A57130.18,1
118,세포용원심분리기,2013-01-17,A32010.03,1
119,세포세정원심분리기,2013-01-17,A32010.04,1
120,의료용냉동원심분리기,2013-01-17,A32020.01,1
127,단기사용환기용기관용튜브,2013-01-17,A57030.02,1
128,장기사용환기용기관용튜브,2013-01-17,A57030.04,1
134,고막천공용튜브,2013-01-17,A57380.01,1
135,모세관채혈튜브,2013-01-17,A66050.01,1
136,혈당측정기,2020-01-02,A22030.01,1
137,개인용혈당측정시스템,2020-01-02,A22030.02,1
145,화양식체내충격파쇄석기,2013-01-18,A18020.03,1
146,전기수업체내충격파쇄석기,2013-01-18,A18020.04,1
150,전신용전산화단층엑스선촬영장치,2016-12-17,A11010.01,1
151,부위한정용전산화단층엑스선촬영장치,2016-12-17,A11010.02,1
158,기타흡수성봉합사,2013-01-18,B02020.22,1
164,일회용심전도전극,2013-01-18,A58060.02,1
167,포터블디지털유방촬영용엑스선장치,2016-12-17,A11060.06,1
168,이동형디지털식순환기용엑스선투시진단장치,2016-12-17,A11090.01,1
191,안경렌즈,2013-01-18,A77010.01,1
187,순환기용초음파영상진단장치,2018-12-05,A26380.05,1
190,의료용분무기,2013-01-18,A81020.01,1
192,진단용안경렌즈,2013-01-18,A77010.02,1
200,각막내피세로촬영장치,2013-01-18,A28080.01,1
201,전안부촬영장치(1등급),2013-01-18,A28090.01,1
209,검안용광자극기,2013-01-18,A28150.01,1
210,검안용렌즈,2013-01-18,A28170.01,1
217,색각검사기,2013-01-18,A28220.02,1
218,광각검사기,2013-01-18,A28220.03,1
219,명암순응계,2013-01-18,A28220.04,1
226,안구가압기,2013-01-18,A28280.01,1
227,홍채촬영기,2013-01-18,A28290.01,1
241,치과용 주조기,2013-01-22,A75000,1
52,전자체온계,2020-01-02,A21010.03,1
53,귀적외선체온계,2020-01-02,A21010.04,1
54,골이식용복합재료,2015-12-21,C22010.01,1
55,맥박수계,2012-12-21,A26080.02,1
56,자동전자혈압계,2016-12-17,A23010.04,1
57,진단용엑스선촬영장치,2016-12-17,A11020.01,1
58,의약품 주입기,2015-12-15,A79000,1
59,심전계,2012-12-21,A26010.01,1
60,관혈식혈압경보기,2012-12-21,A26120.02,1
61,환자감시장치,2014-12-24,A26090.01,1
62,치과재료,2012-12-21,C,1
63,호흡 보조기,2016-12-17,A07000,1
64,호흡회로가스모니터,2012-12-21,A09090.02,1
65,체온 측정용 기구,2015-12-15,A21000,1
66,기구·기계,2013-01-22,A,1
67,의료용 경,2014-12-24,A31000,1
68,혈관용스텐트,2015-12-15,B03300.12,1
69,혈관내튜브·카테터,2014-12-24,A57130.01,1
70,혈관조영카테터,2014-12-24,A57130.05,1
101,색변화체온계,2013-01-17,A21015,1
106,개인용공기온열기,2013-01-17,A83060.02,1
109,이식형인공심장박동기,2016-12-17,A09270.01,1
121,헤마토크릿용원심분리기,2013-01-17,A32030.01,1
122,혈구세척원심분리기,2013-01-17,A32040.01,1
124,단기사용식도정맥류지혈용튜브,2013-01-17,A57020.02,1
125,장기사용식도정맥류지혈용튜브,2013-01-17,A57020.15,1
130,단기사용담관용튜브·카테터,2013-01-17,A57040.01,1
131,담관확장용튜브·카테터,2013-01-17,A57040.04,1
132,장기사용담관용튜브.카테터,2013-01-17,A57040.05,1
141,초음파체외충격파쇄석기,2018-12-05,A18010.01,1
147,천공체내충격파쇄석기,2013-01-18,A18020.05,1
152,치과용전산화단층촬영엑스선장치,2020-01-02,A11010.03,1
153,암형전산화단층엑스선촬영장치,2016-12-17,A11010.04,1
154,일렉트론빔엑스선전산화단층촬영장치,2016-12-17,A11010.05,1
155,틈새등현미경,2013-01-18,A28010.01,1
159,엔디야그레이저수술기,2018-12-05,A37010.04,1
161,초음파자극기,2016-12-17,A16090.01,1
169,거치형디지털식순환기용엑스선투시진단장치,2016-12-17,A11090.03,1
170,디지털진단용엑스선촬영장치,2016-12-17,A11110.01,1
171,이동형디지털진단용엑스선촬용장치,2016-12-17,A11110.02,1
172,포터블디지탈진단용엑스선촬영장치,2016-12-17,A11110.03,1
174,디지털치과진단용구강외엑스선촬영장치,2016-12-17,A11110.05,1
175,디지털치과진단용파노라마엑스선촬영장치,2016-12-17,A11110.06,1
188,유방용초음파영상진단장치,2018-12-05,A26380.06,1
196,검안용굴절력측정기,2013-01-18,A28030.01,1
189,안과용초음파영상진단장치,2018-12-05,A26380.07,1
197,수동식검안용굴절력측정기,2016-12-17,A28040.01,1
204,안구운동감시장치,2013-01-18,A28110.01,1
205,검안경,2013-01-18,A28120.01,1
206,수동식시야계,2013-01-18,A28130.01,1
211,검안용프리즘,2013-01-18,A28175.01,1
212,검안용판부착렌즈,2013-01-18,A28180.01,1
213,검안렌즈세트,2013-01-18,A28190.01,1
220,비전원안과용금속탐지기,2013-01-18,A28230.01,1
221,전원안과용금속탐지기,2013-01-18,A28230.02,1
229,영상시력측정기,2013-01-18,A28300.01,1
233,중심순환계활관처치용튜브카테터,2013-01-22,A57130.23,1
236,치과용 엔진,2013-01-22,A69000,1
237,치과용 중합기,2013-01-22,A74000,1
238,치과용 진료 장치 및 의자,2013-01-22,A68000,1
85,공통,2018-12-05,공통,1
104,의료용고주파온열기,2013-01-17,A16250.01,1
105,개인용온열기,2015-12-15,A83060.01,1
113,말초혈관용혈관내카테터,2014-12-24,A57130.34,1
115,연질의치상이장재,2013-01-17,C08130.01,1
116,범용원심분리기,2013-01-17,A32010.01,1
117,고속원심분리기,2013-01-17,A32010.02,1
126,장기사용위장관용급식튜브,2013-01-17,A57020.16,1
133,우로키나제사용흉부배액용튜브,2013-01-17,A57220.13,1
144,레이저체내충격파쇄석기,2021-01-01,A18020.02,1
149,압축파쇄석기,2013-01-18,A18020.07,1
157,개인용적외선조사기,2013-01-18,A83030.01,1
165,디지털유방촬영용엑스선장치,2016-12-17,A11060.02,1
166,이동형디지털유방촬영용엑스선장치,2016-12-17,A11060.04,1
173,디지털치과진단용구강내엑스선촬영장치,2016-12-17,A11110.04,1
198,각막곡률반경측정기,2013-01-18,A28060.01,1
234,근관치료재,2013-01-25,C10000,1
186,산부인과용초음파영상진단장치,2015-12-15,A26380.04,1
207,자동식시야계,2013-01-18,A28130.02,1
208,평면시야계,2013-01-18,A28130.03,1
214,검안렌즈프레임,2013-01-18,A28200.01,1
215,동공계,2013-01-18,A28210.01,1
216,간이색각검사기,2013-01-18,A28220.01,1
222,쉬머스트립,2013-01-18,A28240.01,1
223,망막전위계,2013-01-18,A28250.01,1
230,광학적시력측정기,2013-01-18,A28300.02,1
231,시력표,2013-01-18,B06010,1
86,기타,2013-01-04,E,1
110,금속골고정재,2013-01-17,B03140.01,1
102,색조표시식체온계,2013-01-17,A21015.01,1
107,개인용물온열기,2013-01-17,A83060.03,1
114,치과용산화아연비유지놀시멘트,2013-01-17,C11020.01,1
123,위내배설용튜브,2013-01-17,A57020.07,1
129,일회사용기관절개튜브,2013-01-17,A57030.06,1
138,혈당특정검사지,2013-01-17,B10010.01,1
139,의료용레이저조사기,2018-12-05,A37020.01,1
140,범용초음파영상진단장치,2015-12-15,A26380.01,1
142,전기체외충격파쇠석기,2018-12-05,A18010.02,1
143,엑스선투시체내충격파쇄석기,2013-01-18,A18020.01,1
148,초음파체내충격파쇄석기,2016-12-17,A18020.06,1
156,골접합용판,2015-12-15,B03090.01,1
160,검영기,2013-01-18,A28070.01,1
162,전신용엑스선골밀도특정기,2016-12-17,A11100.01,1
305,개인용혈당측정기용시약,2013-12-17,D10030.02,1
303,혈당측정기,2013-12-17,A22030,1
304,유헬스케어 혈당측정기,2018-12-05,A90040.01,1
307,마취기,2013-12-18,A06000,1
313,홀터심전계,2013-12-18,A26040,1
316,면역.화학검사용시약,2013-12-18,D04000,1
318,의료용효소분석기용시약,2013-12-18,D10200.01,1
319,이미지인텐시화이어엑스선투시촬영장치,2014-01-07,A17010,1
320,치과진단용엑스선발생장치,2014-01-07,A11120,1
329,초음파펄스진단장치,2014-01-07,A26420,1
332,개인용초음파자극기,2014-01-07,A83100,1
334,레이저수술기,2013-12-18,A37010,1
336,치과용임플란트,2013-12-18,C12050,1
337,수동식인공호흡기,2013-12-18,A07020,1
338,의료용산소발생기,2013-12-18,A07040,1
343,저출력심장충격기,2020-01-02,A17010.01,1
347,운반용보육기,2013-12-18,A10020.01,1
349,치료용방사선모사장치,2015-12-15,A13190.01,1
353,유방촬영용엑스선장치,2016-12-17,A11060.01,1
355,비관혈식혈압경보기,2013-12-18,A26120.01,1
356,의료용적외선촬영장치,2020-01-02,A21030.01,1
358,치료용하전입자가속장치,2015-12-15,A13020.01,1
362,극초단파자극기,2013-12-18,A16070.01,1
363,경피혈중가스분석기,2013-12-18,A17140.01,1
365,신생아황달치료용광선조사기,2013-12-18,A16030.01,1
366,보청기,2013-12-18,A78000,1
367,저주파자극기,2013-12-18,A16010.01,1
368,간섭전류형저주파자극기,2013-12-18,A16010.02,1
369,경피성통증완화전기자극장치,2013-12-18,A16010.03,1
373,홀터심전계,2013-12-18,A26040.01,1
376,폐운동부하감시장치,2013-12-18,A27020.02,1
378,탄산가스분석장치,2013-12-18,A27110.02,1
381,보조심장장치,2013-12-18,A09150.02,1
382,이식전극기능식근육전기자극장치,2013-12-18,A16180.05,1
386,이식형요실금신경근전기자극장치,2015-12-15,A16180.12,1
387,진동용뇌전기자극장치,2013-12-18,A16180.14,1
388,이식형척주측만증신경근전기자극장치,2015-12-15,A16180.16,1
389,이식형통증제거용전기자극장치,2015-12-15,A16180.18,1
394,척수이식배뇨장치,2013-12-18,A18060.01,1
397,전동식이식형의약품주입펌프,2016-12-17,A79010.03,1
399,이식형의약품주입기,2013-12-18,A79150.01,1
400,이식형피임기,2013-12-18,B09010.02,1
401,뇌파계,2018-12-05,A26150.01,1
402,복막투석장치,2020-01-02,A09180.01,1
404,유아가온장치,2013-12-18,A01030.01,1
407,의료용레이저조사기,2013-12-18,A37020,1
409,치과진단용구강내엑스선촬영장치,2016-12-17,A11120.01,1
412,의료용분무기,2013-12-18,A81010,1
413,초음파도플러진단장치,2016-12-17,A26410.01,1
421,눈 적용 렌즈,2014-01-07,A77000,1
426,치과가공용핸드피스,2014-01-07,A55030.07,1
545,골절합용판,2015-12-19,B03090.01,1
548,HIV·HBV·HCV·HTLV유전자검사시약,2016-12-17,D06070.01,1
552,의료용 저온 플라즈마 멸균기,2015-12-19,A04090.01,1
563,유수정체 인공 수정체,2015-12-19,B04140.04,1
567,초음파 혈관 감시기,2016-12-17,A17180.01,1
568,초음파 혈류계,2016-12-17,A17200.02,1
572,범용 초음파 영상 진단장치,2015-12-19,A26380.01,0
573,치과용 임플란트 고정체,2016-12-17,C20030.01,1
574,임시 치과용 임플란트,2016-12-17,C20010.01,1
576,광파이버 수술용 조명등,2015-12-19,A03010.02,1
577,전동식 의약품 주입펌프,2016-12-17,A79010.01,1
578,수동식 의약품 주입펌프,2016-12-17,A79010.04,1
580,정맥주사 용기,2015-12-20,A79020.01,1
581,수액세트,2015-12-20,A79030.01,1
582,수액 펌프용 수액세트,2015-12-20,A79030.02,1
583,인슐린 주입용 수액세트,2015-12-20,A79030.03,1
584,의약품 압력 주입기,2015-12-20,A79040.01,1
585,체외용 인슐린 주입기,2015-12-20,A79050.01,1
586,색소 레이저수술기,2018-12-05,A37010.02,1
587,아르곤 레이저수술기,2018-12-05,A37010.03,1
588,크립톤 레이저수술기,2018-12-05,A37010.05,1
589,루비 레이저수술기,2015-12-20,A37010.06,1
590,구리증기 레이저수술기,2018-12-05,A37010.07,1
592,홀뮴야그 레이저수술기,2018-12-05,A37010.09,1
593,반도체 레이저수술기,2018-12-05,A37010.10,1
594,기타 레이저수술기,2018-12-05,A37010.11,1
595,안과용 아르곤 레이저수술기,2018-12-05,A37030.01,1
598,안과용 반도체 레이저수술기,2018-12-05,A37030.04,1
599,안과용 홀뮴야그 레이저수술기,2018-12-05,A37030.05,1
600,기타 안과용 레이저수술기,2018-12-05,A37030.06,1
606,전동식 의료용 천공기,2015-12-20,A55020.03,1
608,유전자 증폭장치,2015-12-20,A22520.01,1
609,유전자 서열 검사기,2015-12-20,A22530.01,1
611,비고착성 창상 피복재,2015-12-20,B07070.02,1
612,국소하이드로겔 창상 피복재,2015-12-20,B07070.03,1
617,생체 유래 비흡수성 창상 피복재,2015-12-20,B07070.08,1
621,2차 치유 폼제 창상 피복재,2015-12-20,B07070.12,1
625,비유지놀계 치주 창상 피복재,2015-12-20,B07070.16,1
633,치과용 임플란트 상부 구조물,2015-12-21,C20040.01,1
635,특수 재질 치과용 임플란트 시스템,2015-12-21,C20070.01,1
636,치과용 임플란트 시스템,2015-12-24,C20050.01,1
643,인공 발목 관절,2015-12-24,B03010.01,1
644,인공 팔꿈치 관절,2015-12-24,B03020.01,1
646,인공 엉덩이 관절,2015-12-24,B03040.01,1
648,인공 손목 관절,2015-12-24,B03080.01,1
649,이식형 심장박동기 전극,2015-12-24,A09280.01,1
650,체외형 심장박동기 전극,2015-12-24,A09280.02,1
651,심장박동기 리드 어댑터,2015-12-24,A09290.01,1
652,이식형 인공심장박동기 수리 교체재료,2015-12-24,A09310.02,1
653,인공 추간판,2015-12-24,B03160.05,1
672,치과용  초음파 치석 제거기,2015-12-27,A55040.03,1
675,식도용  초음파 프로브,2015-12-27,A58020.04,1
680,비혈관계  수술 초음파 진단용 프로브,2015-12-27,A58020.09,1
687,양전자  방출 전산화 단층 촬영장치,2015-12-27,A13010.01,1
690,레이저식혈관성형술용카테터,2021-01-01,A57130.19,1
693,의료용 고압 산소 챔버,2015-12-27,A08010.01,1
695,산소 섭취량 계산기,2015-12-27,A27080.01,1
696,특수 재질  인공 발목 관절,2015-12-27,B03010.02,1
706,특수 재질  골수내 고정 막대,2015-12-27,B03110.02,1
709,특수 재질  두개골 성형 재료,2015-12-27,B03200.02,1
711,특수 재질  인공 측두 하악골 관절,2015-12-27,B03230.06,1
715,형광  스캐너,2015-12-28,A13040.01,1
716,핵 단층  촬영장치,2015-12-28,A13050.01,1
717,방사성  핵종 재호흡장치,2015-12-28,A13060.01,1
720,원격  조정식 근접치료용 방사선 조사장치,2015-12-28,A13090.01,1
721,원격  치료용 방사선 조사장치,2015-12-28,A13100.01,1
725,감마  계수기,2015-12-28,A13140.01,1
728,단일광자  방출 전산화 단층 촬영장치,2015-12-28,A13170.01,1
730,치료용  엑스선 조사장치,2015-12-28,A13180.01,1
742,알레르기검사시약,2016-12-19,D04110.01,1
745,인공추간판,2016-12-19,B03160.05,1
747,개인용인공호흡기,2016-12-19,A07010.02,1
748,고빈도인공호흡기,2016-12-19,A07010.03,1
751,음압인공호흡기,2016-12-19,A07010.07,1
753,전동식의료용침대,2016-12-19,A02010.02,1
754,이동형유방촬영용엑스선장치,2016-12-19,A11060.03,1
755,포터블유방촬영용엑스선장치,2016-12-19,A11060.05,1
756,형광판식엑스선투시촬영장치,2016-12-19,A11030.01,1
759,간접촬영용엑스선장치,2016-12-19,A11070.01,1
761,포터블엑스선촬영장치,2016-12-19,A11080.02,1
302,탄산가스레이저수술기,2013-12-17,A37010.01,1
310,마취용인공호흡기,2013-12-18,A07010.04,1
314,진동심전계,2013-12-18,A26060,1
315,벡터심전계,2013-12-18,A26030,1
322,이동형엑스선장치,2013-12-18,A11080,1
323,산란엑스선제거용그리드,2013-12-18,A11150,1
325,전산화단층엑스선촬영장치,2013-12-18,A11010,1
326,엑스선골밀도측정기,2013-12-18,A11100,1
333,태아초음파측정기,2013-12-18,A26220,1
341,요관용스텐트,2013-12-18,B03300.07,1
342,전기 수술 장치,2013-12-18,A35000,1
352,수술용무영등,2013-12-18,A03010.01,1
375,폐활량감시장치,2013-12-18,A27020.01,1
380,수정체절단장치,2013-12-18,A35080.01,1
385,이식형보행신경근전기자극장치,2013-12-18,A16180.11,1
393,이식형전기배뇨억제기,2013-12-18,A18040.01,1
396,이식형보청기,2013-12-18,A78010.06,1
408,환자감시장치,2013-12-18,A26090,1
410,심전계,2013-12-19,A26010,1
427,추간체고정재,2014-01-07,B03160.01,1
430,특수재질추간체유합보형재,2014-01-07,B03160.04,1
447,종양표지자면역검사시약,2014-12-22,D04060.01,1
448,선천성기형아검사시약,2014-12-22,D04080.01,1
455,의료용 소독기,2014-12-22,A04000,1
468,유헬스케어 혈압계,2014-12-22,A90030.01,1
470,유헬스케어 귀 적외선체온계,2014-12-22,A90070.02,1
542,치과주조용합금,2015-12-18,C02000,1
571,초음파 골밀도 측정장치,2015-12-19,A26370.01,1
575,다기능 전자 혈압계,2015-12-19,A23010.05,1
597,안과용 크립톤 레이저수술기,2015-12-20,A37030.03,1
602,뇌혈관용 스텐트,2015-12-20,B03300.14,1
613,2차 치유 하이드로겔 창상 피복재,2015-12-20,B07070.04,1
614,국소 생리 식염수 창상 피복재,2015-12-20,B07070.05,1
618,항균성 창상 피복재,2015-12-20,B07070.09,1
622,상호작용 창상 피복재,2015-12-20,B07070.13,1
623,심부체강 창상 피복재,2015-12-20,B07070.14,1
626,유지놀계 치주 창상 피복재,2015-12-20,B07070.17,1
629,치과용 영상 저장 전송장치,2015-12-20,A26430.05,1
637,치경,2015-12-24,A31060.01,1
639,이종골 이식재,2015-12-24,C22020.01,1
641,합성골 이식재,2015-12-24,C22040.01,1
642,정형용품,2015-12-24,B03000,1
654,특수 재질 인공 추간판,2015-12-24,B03160.06,1
655,이식용 체외 고정기구,2015-12-24,B03180.03,1
656,비접촉식 재사용 가능 외과용 드레이프,2015-12-24,B07050.01,1
673,비중심순환계  혈관내초음파카테터,2015-12-27,A57130.24,1
677,혈관내  진단용 초음파 프로브,2015-12-27,A58020.06,1
681,혈관계  수술 초음파 진단용 프로브,2015-12-27,A58020.10,1
683,질용  초음파 프로브,2015-12-27,A58020.12,1
688,레이저혈류계,2015-12-27,A17200.03,1
689,시계조사레이저장치,2015-12-27,A28140.01,1
694,경피 산소 챔버,2015-12-27,A08020.01,1
699,특수 재질  인공 엉덩이 관절,2015-12-27,B03040.02,1
700,특수 재질  인공 무릎 관절,2015-12-27,B03050.02,1
705,특수 재질  골절합용 나사,2015-12-27,B03100.02,1
707,특수 재질  원형 결찰 골 고정재,2015-12-27,B03120.02,1
712,이식형 전기 자극장치용 전극,2015-12-27,A16280.01,1
713,이식형 심장 충격기용 전극,2015-12-27,A17290.01,1
714,치료용  중성자 조사장치,2015-12-28,A13030.01,1
719,수동식  근접 치료용 방사선 조사장치,2015-12-28,A13080.01,1
723,기능  검사용 방사선 측정장치,2015-12-28,A13120.01,1
729,단일광자  방출 전산화 단층 엑스선 조합 촬영장치,2015-12-28,A13170.02,1
743,면역화학검사시약,2016-12-19,D04010.01,1
744,호흡보조기,2016-12-19,A07000,1
749,신생아·소아용인공호흡기,2016-12-19,A07010.05,1
752,수동식의료용침대,2016-12-19,A02010.01,1
760,이동형엑스선촬영장치,2016-12-19,A11080.01,1
767,초전도자석식순환기용자기공명전산화단층촬영장치,2016-12-19,A12010.03,1
773,영구자석식부위한정용자기공명전산화단층촬영장치,2016-12-19,A12010.09,1
774,영구자석식순환기용자기공명전산화단층촬영장치,2016-12-19,A12010.10,1
797,집속형초음파자극시스템,2016-12-28,A35100.03,1
799,인상용왁스,2016-12-28,C13030.01,1
800,축합형치과용실리콘인상재,2016-12-28,C13040.01,1
810,치과모형복제용한천인상재,2016-12-28,C13140.01,1
811,탄성교합인기재,2016-12-28,C13150.01,1
812,교합인기용재료,2016-12-28,C13160.01,1
814,가스식의약품주입펌프,2017-01-07,A79010.06,1
842,수동식수술대,2017-12-09,A01020.01,1
853,저주파자극기,2017-12-11,A16010.01,1
845,전동유압식수술대,2017-12-09,A01020.04,1
864,장기사용기관·기관지용튜브카테터,2017-12-11,A57030.03,1
862,단기사용기관·기관지용튜브카테터,2017-12-11,A57030.01,1
877,의료용플로방식임상화학자동분석장치,2017-12-12,A22010.01,1
869,인공엉덩이관절,2017-12-12,B03040.01,1
870,인공엉덩이관절,2017-12-12,B03040.02,1
875,범용전기수술기,2017-12-12,A35010.01,1
876,조직수복용재료,2017-12-12,B04230.02,1
883,가열식흡입기,2017-12-12,A81010.01,1
884,비가열식흡입기,2017-12-12,A81010.02,1
885,진단용흡입기,2017-12-12,A81010.03,1
900,이동형디지털진단용엑스선촬영장치,2017-12-12,A11110.02,1
889,치과용접착제,2017-12-12,C12000,1
896,범용유발성응답용자극장치,2017-12-12,A26290.01,1
901,포터블디지털진단용엑스선촬영장치,2017-12-12,A11110.03,1
902,반도체레이저수술기,2017-12-12,A37010.10,1
903,HIV？HBV？HCV？HTLV유전자검사시약,2017-12-12,D06060.01,1
923,안과용전기수술기,2018-12-04,A35010.03,1
905,체내형순환기용초음파영상진단장치,2017-12-12,A26380.05,1
922,내시경용전기수술기,2018-12-04,A35010.02,1
924,치과용전기수술기,2018-12-04,A35010.04,1
925,의료용전기소작기,2018-12-04,A35020.01,1
926,멸균주사침,2018-12-05,A53010.02,1
927,색소레이저수술기,2018-12-05,A37010.02,1
928,아르곤레이저수술기,2018-12-05,A37010.03,1
929,크립톤레이저수술기,2018-12-05,A37010.05,1
930,루비레이저수술기,2018-12-05,A37010.06,1
931,구리중기레이저수술기,2018-12-05,A37010.07,1
932,홀뮴야그레이저수술기,2018-12-05,A37010.09,1
933,기타레이저수술기,2018-12-05,A37010.11,1
934,안과용아르곤레이저수술기,2018-12-05,A37030.01,1
935,안과용엔디야그레이저수술기,2018-12-05,A37030.02,1
936,안과용크립톤레이저수술기,2018-12-05,A37030.03,1
937,안과용반도체레이저수술기,2018-12-05,A37030.04,1
938,안과용홀뮴야그레이저수술기,2018-12-05,A37030.05,1
939,기타안과용레이저수술기,2018-12-05,A37030.06,1
940,알렉산드라이트레이저수술기,2018-12-05,A37010.08,1
941,체외형순환기용초음파영상진단장치,2018-12-05,A26380.08,1
942,개인용체내연속혈당측정시스템,2018-12-05,A22030.03,1
943,전기체외충격파쇄석기,2018-12-05,A18010.02,1
944,고출력광선조사기,2018-12-05,A16060.01,1
945,저출력광선조사기,2018-12-05,A16060.02,1
946,펄스광선조사기,2018-12-05,A16060.03,1
947,치아미백용광선조사기,2018-12-05,A16060.04,1
948,개인용광선조사기,2018-12-05,A83050.01,1
949,자외선조사기,2018-12-05,A16020.01,1
950,적외선조사기,2018-12-05,A16050.01,1
951,1등급 유헬스케어 게이트웨이,2018-12-05,A90010.01,1
952,2등급 유헬스케어 게이트웨이,2018-12-05,A90010.02,1
953,유헬스케어 진단지원시스템,2018-12-05,A90020.01,1
954,유헬스케어 전자청진기,2018-12-05,A90060.01,1
955,유헬스케어 심박수계,2018-12-05,A90090.01,1
163,부위한정용엑스선골밀도측정기,2013-01-18,A11100.02,1
185,이동형초음파영상진단장치,2013-01-18,A26380.03,1
194,안과용광학현미경,2013-01-18,A28010.02,1
184,두부용초음파영상진단장치,2013-01-18,A26380.02,1
195,각막경,2013-01-18,A28020.01,1
202,전안부촬영장치(2등급),2013-01-18,A28090.02,1
203,안저카메라,2013-01-18,A28100.01,1
224,안진계,2013-01-18,A28260.01,1
225,안압계,2013-01-18,A28270.01,1
228,홍채촬영및분석기,2013-01-18,A28290.02,1
232,개인용전기자극기,2013-01-22,A83000,1
235,치과용 방습기,2013-01-22,A72000,1
239,치과용 탐침,2013-01-22,A71000,1
240,치과용 브로치,2013-01-22,A70000,1
359,초단파자극기,2013-12-18,A16080.01,1
360,개인용초단파자극기,2013-12-18,A83070.01,1
411,의료용분무기,2013-12-19,A81020,1
442,채혈 또는 수혈 및 생체 검사용 기구,2014-12-22,A66000,1
443,내장기능대용기,2014-12-22,A09000,1
444,태아초음파측정기,2014-12-22,A26220.01,1
445,치과진단용엑스선투시촬영장치,2014-12-22,A11120.03,1
446,치과진단용파노라마엑스선촬영장치,2014-12-22,A11120.04,1
449,내분비물질검사시약,2014-12-22,D04070.01,1
450,주사침 및 천자침,2014-12-22,A53000,1
451,의료용 취관 및 체액 유도관,2014-12-22,A57000,1
452,진공채혈기,2014-12-22,A66060.01,1
453,진공채혈관,2014-12-22,A66070.01,1
454,환자관리무통법용수액펌프,2014-12-22,A79010.02,1
456,혈액 검사용 시약,2014-12-22,D01000,1
457,요 또는 분변 검사용 시약,2014-12-22,D03000,1
458,임상미생물 검사용 시약,2014-12-22,D05000,1
459,병리 검사용 시약,2014-12-22,D08000,1
460,기타 검사용 시약,2014-12-22,D09000,1
463,흡수성관상동맥용스텐트,2014-12-22,B03300.15,1
465,의료용 흡인기,2014-12-22,A39000,1
474,레이저저항성수술용드레이프,2014-12-22,B07050.03,1
471,유헬스케어 피부 적외선체온계,2014-12-22,A90070.03,1
472,유헬스케어 의료기기,2014-12-22,A90000,1
475,검안용 기기,2014-12-22,A28000,1
553,매일 착용 하드 콘택트렌즈,2015-12-19,A77020.01,1
546,골접합용나사,2015-12-19,B03100.01,1
549,대형 고압증기 멸균기,2015-12-19,A04010.04,1
554,연속 착용 하드 콘택트렌즈,2015-12-19,A77020.02,1
558,헤파린사용 후방렌즈,2015-12-19,A77040.04,1
559,진단용 콘택트렌즈,2015-12-19,A77050.01,1
564,조절성 인공 수정체,2015-12-19,B04140.05,1
569,초음파 심박출량계,2015-12-19,A17230.03,1
570,체외형  순환기용 초음파 영상 진단장치,2015-12-26,A26380.08,1
603,전동식 의료용 칼,2015-12-20,A41010.09,1
604,전동식 의료용 가위,2015-12-20,A42010.07,1
605,전동식 의료용 천자기,2015-12-20,A55010.03,1
607,마이크로 어레이칩 분석장치,2015-12-20,A22510.01,1
616,생체 유래 흡수성 창상 피복재,2015-12-20,B07070.07,1
620,국소 폼제 창상 피복재,2015-12-20,B07070.11,1
624,가온 밀봉 창상 피복재,2015-12-20,B07070.15,1
628,국소 지혈용 드레싱,2015-12-20,B07100.01,1
631,휴대형 의료영상 전송장치 소프트웨어,2015-12-20,A26430.07,1
632,치과용 임플란트 기공재료,2015-12-21,C20020.01,1
634,특수 재질 치과용 임플란트 고정체,2015-12-21,C20060.01,1
638,치과용골이식재,2015-12-24,C22000,1
640,치과용 골 시멘트,2015-12-24,C22030.01,1
645,인공 손가락 관절,2015-12-24,B03030.01,1
647,인공 무릎 관절,2015-12-24,B03050.01,1
657,혈액 검사용 기기,2015-12-24,A22000,1
658,산소 공급기,2015-12-24,A07030.01,1
661,초음파  펄스 진단장치,2015-12-26,A26420.01,1
662,초음파  방광 용적 측정기,2015-12-26,A26420.02,1
669,초음파  식도-위-십이지장경,2015-12-27,A31320.02,1
674,중심순환계  혈관내초음파카테터,2015-12-27,A57130.25,1
676,비강  진단용 초음파 프로브,2015-12-27,A58020.05,1
678,거치형  체외식 초음파 프로브,2015-12-27,A58020.07,1
684,직장용  초음파 프로브,2015-12-27,A58020.13,1
692,의료용 산소 혼합 공급기,2015-12-27,A07100.01,1
727,감마선  골밀도 측정기,2015-12-28,A13160.01,1
757,이동형엑스선투시촬영장치,2016-12-19,A11040.02,1
763,거치형아날로그식순환기용엑스선투시진단장치,2016-12-19,A11090.04,1
766,초전도자석식부위한정용자기공명전산화단층촬영장치,2016-12-19,A12010.02,1
770,상전도자석식순환기용자기공명전산화단층촬영장치,2016-12-19,A12010.06,1
771,상전도자석식유방용자기공명전산화단층촬영장치,2016-12-19,A12010.07,1
772,상전도자석식전신용자기공명전산화단층촬영장치,2016-12-19,A12010.08,1
776,영구자석식전신용가기공명점산화단층촬영장치,2016-12-19,A12010.12,1
778,수동식전자혈압계,2016-12-24,A23010.03,1
780,혈압맥파검사장치,2016-12-24,A23010.08,1
781,의료용면역발광측정장치,2016-12-24,A22175.01,1
782,의료영상전송장치소프트웨어,2016-12-24,A26430.03,1
784,열중합형의치상용레진,2016-12-24,C09040.01,1
786,치과용회전연마기,2016-12-24,A55050.05,1
787,의료용절삭기구,2016-12-24,A55050.01,1
788,골도형보청기,2016-12-24,A78010.01,1
791,촉각형보청기,2016-12-24,A78010.04,1
792,인공중이,2016-12-24,A78010.07,1
794,심음계,2016-12-27,A26180.01,1
795,아네로이드식혈압계,2016-12-27,A23010.01,1
796,수은주식혈압계,2016-12-27,A23010.02,1
801,치과인상용석고,2016-12-28,C13050.01,1
802,치과용산화아연유지놀계인상재,2016-12-28,C13060.01,1
813,심미수복용복합레진,2016-12-30,C06050.01,1
846,범용원심분리기,2017-12-11,A32010.01,1
843,수동유압식수술대,2017-12-09,A01020.02,1
844,전동식수술대,2017-12-09,A01020.03,1
847,고속원심분리기,2017-12-11,A32010.02,1
848,세포용원심분리기,2017-12-11,A32010.03,1
849,세포세정원심분리기,2017-12-11,A32010.04,1
850,의료용온도조절원심분리기,2017-12-11,A32020.01,1
851,헤마토크릿용원심분리기,2017-12-11,A32030.01,1
852,혈구세척원심분리기,2017-12-11,A32040.01,1
854,간섭전류형저주파자극기,2017-12-11,A16010.02,1
855,경피성통증완화전기자극장치,2017-12-11,A16010.03,1
856,개인용저주파자극기,2017-12-11,A83010.01,1
857,개인용조합자극기(해당기능이 있는 경우에 한함),2017-12-11,A83080.01,1
866,기관지용풍선카테터,2017-12-12,A57030.05,1
868,납착용비귀금속합금,2017-12-12,C04030.01,1
867,재사용가능기관절개튜브,2017-12-12,A57030.07,1
871,비멸균의료용겔,2017-12-12,B07140.01,1
872,멸균의료용겔,2017-12-12,B07140.02,1
874,치과주조용비귀금속합금,2017-12-12,C02030.01,1
878,의료용원심방식임상화학자동분석장치,2017-12-12,A22012.01,1
879,의료용건식임상화학자동분석장치,2017-12-12,A22013.01,1
880,의료용팩식임상화학자동분석장치,2017-12-12,A22014.01,1
881,양압지속유지기,2017-12-12,A07010.08,1
882,의료용 흡입기,2017-12-12,A81000,1
887,남성용콘돔,2017-12-12,B08010.01,1
888,가스마취기,2017-12-12,A06010.01,1
890,4세대상아질접착시스템,2017-12-12,C12010.01,1
891,5세대상아질접착시스템,2017-12-12,C12020.01,1
892,6세대상아질접착시스템,2017-12-12,C12030.01,1
893,7세대상아질접착시스템,2017-12-12,C12040.01,1
894,접착용레진,2017-12-12,C12050.01,1
895,근전도계,2017-12-12,A30010.01,1
897,유발반응측정장치,2017-12-12,A26280.01,1
898,거치형디저털식순환기용엑스선투시진단장치,2017-12-12,A11090.03,1
899,전신용엑스선골밀도측정기,2017-12-12,A11100.01,1
301,혈당측정기용시약,2013-12-17,D10030.01,1
306,초음파도플러진단장치,2013-12-17,A26410,1
308,가스마취기,2013-12-18,A06010,1
309,마취액주입도구한벌,2013-12-18,A79120,1
311,모듈식환자감시장치,2013-12-18,A26090.02,1
312,유헬스케어 심전계,2013-12-18,A90100.01,1
317,유전자증폭장치용시약,2013-12-18,D10520.01,1
321,엑스선방어용앞치마,2013-12-18,A15010,1
324,초음파영상진단장치,2013-12-18,A26380,1
327,유방촬영용엑스선장치,2013-12-18,A11060,1
328,디지털엑스선촬영장치,2013-12-18,A11110,1
330,초음파골밀도측정기,2013-12-18,A26370,1
331,초음파수술기,2013-12-18,A35100,1
335,치과용임플란트시술기구,2013-12-18,C12090,1
339,분자유전 검사용 시약,2013-12-18,D06000,1
340,스텐트,2013-12-18,B03300,1
344,진단용 엑스선 장치,2013-12-18,A11000,1
345,인공신장기,2013-12-18,A09200.01,1
346,거치형보육기,2013-12-18,A10010.01,1
348,레이저 진료기,2020-01-02,A37000,1
350,체외형인공심장박동기,2013-12-18,A09260.01,1
351,비전리 진단 장치,2013-12-18,A12000,1
354,펄스옥시미터,2013-12-18,A17190.01,1
357,치과진단용구강외엑스선촬영장치,2013-12-18,A11120.02,1
361,개인용초음파자극기,2013-12-18,A83100.01,1
364,심전도감시기,2013-12-18,A26020.01,1
370,개인용저주파자극기,2013-12-18,A83010.01,1
371,개인용조합자극기,2013-12-18,A83080.01,1
372,혈관내혈압계,2013-12-18,A23020.01,1
374,호흡감시기,2013-12-18,A26110.01,1
377,호기가스분석기,2013-12-18,A27110.01,1
379,초자체흡인절단기,2013-12-18,A35060.01,1
383,이식형통증완화전기자극장치,2013-12-18,A16180.09,1
384,이식형말초신경무통법전기자극장치,2013-12-18,A16180.10,1
390,혼수각성용미주신경전기자극장치,2013-12-18,A16180.19,1
391,횡격신경전기자극장치,2013-12-18,A16180.20,1
392,이식형심장충격기,2013-12-18,A17280.01,1
395,반이식형보청기,2013-12-18,A78010.05,1
398,이식형인슐린주입기,2013-12-18,A79050.02,1
403,진료대와 수술대,2013-12-18,A01000,1
405,진단용엑스선촬영장치,2013-12-18,A11020,1
406,초음파자극기,2013-12-18,A16090,1
422,주사기,2014-01-07,A54000,1
423,전동식치과용핸드피스,2014-01-07,A55030.04,1
424,공기압축식치과용핸드피스,2014-01-07,A55030.05,1
425,치과외과용핸드피스,2014-01-07,A55030.06,1
428,특수재질추간체고정재,2014-01-07,B03160.02,1
429,추간체유합보형재,2014-01-07,B03160.03,1
431,치과용임플란트시스템,2014-12-22,C20000,1
547,HIV·HBV·HCV·HTLV유전자검사시약,2015-12-19,D06060.01,1
462,흡수성혈관용스텐트,2014-12-22,B03300.16,1
464,방사선 진료 장치,2014-12-22,A13000,1
466,유헬스케어 산소포화도 측정기,2014-12-22,A90050.01,1
469,유헬스케어 전자체온계,2014-12-22,A90070.01,1
473,유헬스케어 임피던스 체지방측정기,2014-12-22,A90080.01,1
543,콜레스테롤분석장치,2015-12-19,A22014.05,1
544,HIV·HBV·HCV·HTLV면역검사시약,2015-12-19,D04140.01,1
550,건열 멸균기,2015-12-19,A04040.01,1
551,에틸렌옥사이드 가스 멸균기,2015-12-19,A04050.01,1
555,매일 착용 소프트 콘택트렌즈,2015-12-19,A77030.01,1
556,연속 착용 소프트 콘택트렌즈,2015-12-19,A77030.02,1
557,치료용 콘택트렌즈,2015-12-19,A77040.01,1
560,인공 수정체,2015-12-19,B04140.01,1
561,다초점 인공 수정체,2015-12-19,B04140.02,1
562,원환체 인공 수정체,2015-12-19,B04140.03,1
565,양전자  방출·전산화 단층 엑스선 조합 촬영장치,2015-12-27,A13010.02,1
566,초음파  청진기,2015-12-26,A20010.03,1
579,가스식 의약품 주입펌프,2015-12-20,A79010.05,1
591,알렉산드라이 트레이저수술기,2015-12-20,A37010.08,1
596,안과용 엔디야그 레이저수술기,2015-12-20,A37030.02,1
601,관상동맥용 스텐트,2015-12-20,B03300.13,1
610,점착성 투명 창상 피복재,2015-12-20,B07070.01,1
615,2차 치유 생리식염수 창상 피복재,2015-12-20,B07070.06,1
619,콜라겐 흡수성 창상 피복재,2015-12-20,B07070.10,1
627,합성 재료 흡수성 창상 피복재,2015-12-20,B07070.18,1
630,의료영상 분석장치,2015-12-20,A26430.06,1
659,초음파 심장  조영장치,2015-12-26,A26390.01,1
660,초음파 뇌  조영장치,2015-12-26,A26400.01,1
663,초음파  연성 기관지경,2015-12-26,A31110.04,1
664,초음파  내시경,2015-12-27,A31090.01,1
665,초음파  연성 대장경,2015-12-27,A31170.04,1
666,초음파  연성 십이지장경,2015-12-27,A31190.06,1
667,초음파  경성 복강경,2015-12-27,A31290.04,1
668,초음파  연성 복강경,2015-12-27,A31290.05,1
670,초음파수술기,2015-12-27,A35100.01,1
671,고강도  집속형 초음파수술기,2015-12-27,A35100.02,1
679,수지형  체외식 초음파 프로브,2015-12-27,A58020.08,1
682,중추신경·중심순환계  수술 초음파 진단용 프로브,2015-12-27,A58020.11,1
685,방광  검사용 초음파 프로브,2015-12-27,A58020.15,1
686,초음파  흡입기,2015-12-27,A81010.04,1
691,의료용 산소발생기,2015-12-27,A07040.01,1
697,특수 재질  인공 팔꿈치 관절,2015-12-27,B03020.02,1
698,특수 재질  인공 손가락 관절,2015-12-27,B03030.02,1
701,특수 재질  인공 어깨 관절,2015-12-27,B03060.02,1
702,특수 재질  인공 발가락 관절,2015-12-27,B03070.02,1
703,특수 재질  인공 손목 관절,2015-12-27,B03080.02,1
704,특수재질  골절합용판,2015-12-27,B03090.02,1
708,특수 재질  골 고정재,2015-12-27,B03140.03,1
710,특수 재질  인공 안면 아래턱 관절,2015-12-27,B03230.04,1
718,방사선  치료용 빔조정블록,2015-12-28,A13070.01,1
722,감마  카메라,2015-12-28,A13110.01,1
724,베타  계수기,2015-12-28,A13130.01,1
726,베타·감마  계수기,2015-12-28,A13150.01,1
731,방사선  혈액 조사장치,2015-12-28,A13200.01,1
732,체외진단용시약,2015-12-29,D,1
741,정도관리물질,2016-12-19,D09010.02,1
746,범용인공호흡기,2022-12-27,A07010.01,1
750,운반형인공호흡기,2016-12-19,A07010.06,1
758,단층촬영용엑스선장치,2016-12-19,A11050.01,1
762,이동형아날로그식순환기용엑스선투시진단장치,2016-12-19,A11090.02,1
764,생검확인용엑스선촬영장치,2016-12-19,A11170.01,1
765,초전도자석식전신용자기공명전산화단층촬영장치,2016-12-19,A12010.01,1
768,초전도자석식유방용자기공명전산-나층촬영장치,2017-01-07,A12010.04,1
769,상전도자석식부위한정용자기공명전산화단층촬영장치,2016-12-19,A12010.05,1
775,영구자석식유방용자기공명점사화단층촬영장치,2016-12-19,A12010.11,1
777,진단용엑스선투시촬영장치,2016-12-24,A11040.01,1
779,장시간혈압기록장치,2016-12-24,A23010.07,1
783,광중합형의치상용레진,2016-12-24,C09030.01,1
785,자가중합형의치상용레진,2016-12-24,C09050.01,1
789,기도형보청기,2016-12-24,A78010.02,1
790,구화훈련용보청기,2016-12-24,A78010.03,1
793,각막곡률반경측정기,2016-12-24,A20860.01,1
798,치과용임프레션콤파운드,2016-12-28,C13020.01,1
803,치과용알지네이트인상재,2016-12-28,C13070.01,1
804,치과용폴리설파이드인상재,2016-12-28,C13080.01,1
805,치과용폴리에테르인상재,2016-12-28,C13090.01,1
806,치과용한천인상재,2016-12-28,C13100.01,1
807,부가중합형폴리비닐실리콘인상재,2016-12-28,C13110.01,1
808,치과용인상처치재,2016-12-28,C13120.01,1
809,치가모형복제용고무질탄성인상재료,2016-12-28,C13130.01,1
958,유헬스케어 체외용 인슐린주입기,2018-12-05,A90120.01,1
966,경성요추경,2018-12-05,A31090.17,1
969,경성척추경,2018-12-05,A31090.26,1
975,비디오경성삽관용후두경,2018-12-05,A31100.09,1
977,비디오경성식도경,2018-12-05,A31120.04,1
981,비디오경성종격경,2018-12-05,A31130.04,1
985,경성위내시경,2018-12-05,A31190.01,1
988,경성요관경,2018-12-05,A31230.01,1
990,경성S자형결장경,2018-12-05,A31250.01,1
992,경성골반경,2018-12-05,A31260.04,1
998,비디오경성복강경,2018-12-05,A31290.06,1
1000,경성비강경,2018-12-05,A31310.04,1
1002,경성신경내시경,2018-12-05,A31350.01,1
1025,심장내옥시미터모듈,2020-01-25,A17190.03,1
1028,개인용체외혈당측정시스템,2020-01-25,A22030.02,1
1030,고위험성감염체면역검사시약,2020-01-25,D04160.01,1
1037,조직수복용생체재료,2020-01-25,B04230.01,1
956,유헬스케어 부하 심전도장치,2018-12-05,A90100.02,1
960,경성구강경,2018-12-05,A31090.02,1
961,경성부비강경,2018-12-05,A31090.05,1
962,경성상악동경,2018-12-05,A31090.08,1
963,경성성형외과용내시경,2018-12-05,A31090.10,1
968,경성척수경,2018-12-05,A31090.23,1
971,경성누도경,2018-12-05,A31090.39,1
973,비디오경성후두경,2018-12-05,A31100.07,1
974,경성삽입관용후두경,2018-12-05,A31100.08,1
979,경성식도경,2018-12-05,A31120.01,1
980,경성종격경,2018-12-05,A31130.01,1
982,경성관절경,2018-12-05,A31140.01,1
984,경성방광경,2018-12-05,A31180.01,1
987,경성직장경,2018-12-05,A31210.01,1
993,경성요도경,2018-12-05,A31270.01,1
997,초음파경성복강경,2018-12-05,A31290.04,1
999,경성코인두경,2018-12-05,A31310.01,1
1004,양압지속유지기[3],2018-12-05,공통,1
1022,유헬스케어혈당측정기,2020-01-25,A22030.01,1
1031,의료영상분석장치,2020-01-25,A26430.06,1
1034,의료영상진단보조장치,2020-01-25,A26430.13,1
1040,일반용치과도재,2020-01-25,C07010.01,1
1023,피부적외선체온계,2020-01-25,A21010.05,1
1024,기능검사옥시미터,2020-01-25,A17190.02,1
1026,원격펄스옥시미터,2020-01-25,A17190.04,1
1033,치과영상획득장치,2020-01-25,A26430.09,1
1027,펄스옥시미터모듈,2020-01-25,A17190.05,1
1029,고위험성감염체유전자검사시약,2020-01-25,D06080.01,1
1032,의료영상획득장치,2020-01-25,A26430.08,1
1035,의료영상검출보조장치,2020-01-25,A26430.15,1
1036,의료영상처리장치,2020-01-25,A26430.01,1
1038,종양관련유전자검사시약,2020-01-25,D06020.01,1
1039,저위험성감염체면역검사시약,2020-01-25,D04170.01,1
1042,자동화시스템로봇수술기,2021-05-27,A67050.04,1
959,유헬스케어 이식형 인슐린주입기,2018-12-05,A90120.02,1
1043,로봇보조정형용운동장치,2021-05-27,A67080.01,1
957,유헬스케어 최대 호흡률측정기,2018-12-05,A90110.01,1
964,경성인두편도경,2018-12-05,A31090.13,1
965,경성요관신우경,2018-12-05,A31090.14,1
967,경성유관경,2018-12-05,A31090.20,1
970,경성흉강경,2018-12-05,A31090.29,1
972,비디오경성흉강경,2018-12-05,A31090.43,1
976,경성기관지경,2018-12-05,A31110.01,1
978,비디오경성기관지경,2018-12-05,A31110.05,1
983,경성항문경,2018-12-05,A31160.01,1
986,경성방광요도경,2018-12-05,A31200.01,1
989,경성신우경,2018-12-05,A31240.01,1
991,경성골반강경,2018-12-05,A31260.01,1
994,경성자궁경,2018-12-05,A31280.01,1
995,경성난관경,2018-12-05,A31280.04,1
996,경성복강경,2018-12-05,A31290.01,1
1001,경성비인후경,2018-12-05,A31310.07,1
1003,일회용경성신경내시경,2018-12-05,A31350.04,1
1005,의료용온습도조절기[2],2018-12-05,공통,1
